strategy,fraction_mal,magnitude,frac_fit,frac_eval,min_fit_clients,min_eval_clients,min_available_clients,num_clients,num_malicious,attack,iid,dataset_name,confusion_matrix,warmup_rounds,round,auc,accuracy,lossflanders,10,0,1,0,30,0,30,1,0,minmax,True,mnist,"[[0, 0], [0, 0]]",20,0,0.4921703423542777,0.0847,720.9994425773621
flanders,10,0,1,0,30,0,30,1,0,minmax,True,mnist,"[[0, 0], [0, 0]]",20,0,0.5111344763911013,0.1197,719.501077413559
flanders,10,0,1,0,30,0,30,30,10,minmax,True,mnist,"[[0, 0], [0, 0]]",20,1,0.9000099769565086,0.8206,367.809533059597
flanders,10,0,1,0,30,0,30,30,10,minmax,True,mnist,"[[0, 0], [0, 0]]",20,2,0.9239425969115667,0.8641,315.03527426719666
flanders,10,0,1,0,30,0,30,30,10,minmax,True,mnist,"[[0, 0], [0, 0]]",20,3,0.9435428022218006,0.8998,279.5477152466774
flanders,10,0,1,0,30,0,30,30,10,minmax,True,mnist,"[[0, 0], [0, 0]]",20,4,0.9571250863740985,0.9236,246.27118787169456
flanders,10,0,1,0,30,0,30,30,10,minmax,True,mnist,"[[0, 0], [0, 0]]",20,5,0.9652663142558247,0.9383,217.86912578344345
flanders,10,0,1,0,30,0,30,30,10,minmax,True,mnist,"[[0, 0], [0, 0]]",20,6,0.9684307434110444,0.944,193.5704841017723
flanders,10,0,1,0,30,0,30,30,10,minmax,True,mnist,"[[0, 0], [0, 0]]",20,7,0.9716393769531827,0.9496,167.95806035399437
flanders,10,0,1,0,30,0,30,30,10,minmax,True,mnist,"[[0, 0], [0, 0]]",20,8,0.9725921407324863,0.9514,150.35003779828548
flanders,10,0,1,0,30,0,30,30,10,minmax,True,mnist,"[[0, 0], [0, 0]]",20,9,0.9747557792654058,0.9552,130.87577885389328
flanders,10,0,1,0,30,0,30,30,10,minmax,True,mnist,"[[0, 0], [0, 0]]",20,10,0.9751116711053355,0.9559,117.09802874922752
flanders,10,0,1,0,30,0,30,30,10,minmax,True,mnist,"[[0, 0], [0, 0]]",20,11,0.9762923791106445,0.9581,101.52785260975361
flanders,10,0,1,0,30,0,30,30,10,minmax,True,mnist,"[[0, 0], [0, 0]]",20,12,0.9774310868977418,0.9601,90.62931627035141
flanders,10,0,1,0,30,0,30,30,10,minmax,True,mnist,"[[0, 0], [0, 0]]",20,13,0.9779292736522782,0.961,81.4818364419043
flanders,10,0,1,0,30,0,30,30,10,minmax,True,mnist,"[[0, 0], [0, 0]]",20,14,0.9779982509773507,0.9611,74.42386933043599
flanders,10,0,1,0,30,0,30,30,10,minmax,True,mnist,"[[0, 0], [0, 0]]",20,15,0.9775195436821742,0.9603,68.2619647718966
flanders,10,0,1,0,30,0,30,30,10,minmax,True,mnist,"[[0, 0], [0, 0]]",20,16,0.9785678280476431,0.9622,62.30810981243849
flanders,10,0,1,0,30,0,30,30,10,minmax,True,mnist,"[[0, 0], [0, 0]]",20,17,0.9795977892960828,0.9639,57.188442120328546
flanders,10,0,1,0,30,0,30,30,10,minmax,True,mnist,"[[0, 0], [0, 0]]",20,18,0.9792539521182745,0.9632,53.074328223243356
flanders,10,0,1,0,30,0,30,30,10,minmax,True,mnist,"[[0, 0], [0, 0]]",20,19,0.9792724804113646,0.9633,50.03251157794148
flanders,10,0,1,0,30,0,30,30,10,minmax,True,mnist,"[[0, 0], [0, 0]]",20,20,0.9787238301891608,0.9623,48.6205472080037
flanders,10,0,1,0,30,0,30,1,0,minmax,True,mnist,"[[0, 0], [0, 0]]",10,0,0.47126720275513057,0.0481,723.0742948055267
flanders,10,0,1,0,30,0,30,30,10,minmax,True,mnist,"[[0, 0], [0, 0]]",10,1,0.9012567892286885,0.8231,364.13400691747665
flanders,10,0,1,0,30,0,30,30,10,minmax,True,mnist,"[[0, 0], [0, 0]]",10,2,0.9313330948858068,0.8769,308.63611179590225
flanders,10,0,1,0,30,0,30,30,10,minmax,True,mnist,"[[0, 0], [0, 0]]",10,3,0.9451082955834696,0.9019,276.86102455854416
flanders,10,0,1,0,30,0,30,30,10,minmax,True,mnist,"[[0, 0], [0, 0]]",10,4,0.9581163802854522,0.9253,243.37745243310928
flanders,10,0,1,0,30,0,30,30,10,minmax,True,mnist,"[[0, 0], [0, 0]]",10,5,0.9650295398050585,0.9376,216.32986840605736
flanders,10,0,1,0,30,0,30,30,10,minmax,True,mnist,"[[0, 0], [0, 0]]",10,6,0.9685044049672147,0.9439,191.46739581227303
flanders,10,0,1,0,30,0,30,30,10,minmax,True,mnist,"[[0, 0], [0, 0]]",10,7,0.9718103643059148,0.9499,167.26063162088394
flanders,10,0,1,0,30,0,30,30,10,minmax,True,mnist,"[[0, 0], [0, 0]]",10,8,0.9732055788409136,0.9524,146.37542456388474
flanders,10,0,1,0,30,0,30,30,10,minmax,True,mnist,"[[0, 0], [0, 0]]",10,9,0.9748637147611928,0.9554,128.99581292271614
flanders,10,0,1,0,30,0,30,30,10,minmax,True,mnist,"[[0, 0], [0, 0]]",10,10,0.9754042068273172,0.9565,112.94887441396713
flanders,10,0,1,0,30,0,30,30,10,minmax,True,mnist,"[[10, 15], [0, 5]]",10,11,0.9769077742696547,0.9591,100.58943586051464
flanders,5,0,1,0,100,0,20,1,0,minmax,True,mnist,"[[0, 0], [0, 0]]",10,0,0.49824288091775026,0.0981,723.0088746547699
flanders,5,0,1,0,100,0,20,100,5,minmax,True,mnist,"[[0, 0], [0, 0]]",10,1,0.49824288091775026,0.0981,723.0088746547699
flanders,5,0,1,0,100,0,20,100,5,minmax,True,mnist,"[[0, 0], [0, 0]]",10,2,0.49824288091775026,0.0981,723.0088746547699
flanders,5,0,1,0,100,0,20,100,5,minmax,True,mnist,"[[0, 0], [0, 0]]",10,3,0.49824288091775026,0.0981,723.0088746547699
flanders,5,0,1,0,100,0,20,100,5,minmax,True,mnist,"[[0, 0], [0, 0]]",10,4,0.49824288091775026,0.0981,723.0088746547699
flanders,5,0,1,0,100,0,20,100,5,minmax,True,mnist,"[[0, 0], [0, 0]]",10,5,0.49824288091775026,0.0981,723.0088746547699
flanders,5,0,1,0,100,0,20,100,5,minmax,True,mnist,"[[0, 0], [0, 0]]",10,6,0.49824288091775026,0.0981,723.0088746547699
flanders,5,0,1,0,100,0,20,100,5,minmax,True,mnist,"[[0, 0], [0, 0]]",10,7,0.49824288091775026,0.0981,723.0088746547699
flanders,5,0,1,0,100,0,20,100,5,minmax,True,mnist,"[[0, 0], [0, 0]]",10,8,0.49824288091775026,0.0981,723.0088746547699
flanders,5,0,1,0,100,0,20,100,5,minmax,True,mnist,"[[0, 0], [0, 0]]",10,9,0.49824288091775026,0.0981,723.0088746547699
flanders,5,0,1,0,100,0,20,100,5,minmax,True,mnist,"[[0, 0], [0, 0]]",10,10,0.49824288091775026,0.0981,723.0088746547699
flanders,5,0,1,0,100,0,20,100,5,minmax,True,mnist,"[[0, 0], [0, 0]]",10,11,0.49824288091775026,0.0981,723.0088746547699
flanders,5,0,1,0,100,0,20,100,5,minmax,True,mnist,"[[0, 0], [0, 0]]",10,12,0.49824288091775026,0.0981,723.0088746547699
flanders,5,0,1,0,100,0,20,100,5,minmax,True,mnist,"[[0, 0], [0, 0]]",10,13,0.49824288091775026,0.0981,723.0088746547699
flanders,5,0,1,0,100,0,20,100,5,minmax,True,mnist,"[[0, 0], [0, 0]]",10,14,0.49824288091775026,0.0981,723.0088746547699
flanders,5,0,1,0,100,0,20,100,5,minmax,True,mnist,"[[0, 0], [0, 0]]",10,15,0.49824288091775026,0.0981,723.0088746547699
flanders,5,0,1,0,100,0,20,100,5,minmax,True,mnist,"[[0, 0], [0, 0]]",10,16,0.49824288091775026,0.0981,723.0088746547699
flanders,5,0,1,0,100,0,20,100,5,minmax,True,mnist,"[[0, 0], [0, 0]]",10,17,0.49824288091775026,0.0981,723.0088746547699
flanders,5,0,1,0,100,0,20,100,5,minmax,True,mnist,"[[0, 0], [0, 0]]",10,18,0.49824288091775026,0.0981,723.0088746547699
flanders,5,0,1,0,100,0,20,100,5,minmax,True,mnist,"[[0, 0], [0, 0]]",10,19,0.49824288091775026,0.0981,723.0088746547699
flanders,5,0,1,0,100,0,20,100,5,minmax,True,mnist,"[[0, 0], [0, 0]]",10,20,0.49824288091775026,0.0981,723.0088746547699
flanders,5,0,1,0,100,0,20,100,5,minmax,True,mnist,"[[0, 0], [0, 0]]",10,21,0.49824288091775026,0.0981,723.0088746547699
flanders,5,0,1,0,100,0,20,100,5,minmax,True,mnist,"[[0, 0], [0, 0]]",10,22,0.49824288091775026,0.0981,723.0088746547699
flanders,5,0,1,0,100,0,20,100,5,minmax,True,mnist,"[[0, 0], [0, 0]]",10,23,0.49824288091775026,0.0981,723.0088746547699
flanders,5,0,1,0,100,0,20,100,5,minmax,True,mnist,"[[0, 0], [0, 0]]",10,24,0.49824288091775026,0.0981,723.0088746547699
flanders,5,0,1,0,100,0,20,100,5,minmax,True,mnist,"[[0, 0], [0, 0]]",10,25,0.49824288091775026,0.0981,723.0088746547699
flanders,5,0,1,0,100,0,20,100,5,minmax,True,mnist,"[[0, 0], [0, 0]]",10,26,0.49824288091775026,0.0981,723.0088746547699
flanders,5,0,1,0,100,0,20,100,5,minmax,True,mnist,"[[0, 0], [0, 0]]",10,27,0.49824288091775026,0.0981,723.0088746547699
flanders,5,0,1,0,100,0,20,100,5,minmax,True,mnist,"[[0, 0], [0, 0]]",10,28,0.49824288091775026,0.0981,723.0088746547699
flanders,5,0,1,0,100,0,20,100,5,minmax,True,mnist,"[[0, 0], [0, 0]]",10,29,0.49824288091775026,0.0981,723.0088746547699
flanders,5,0,1,0,100,0,20,100,5,minmax,True,mnist,"[[0, 0], [0, 0]]",10,30,0.49824288091775026,0.0981,723.0088746547699
flanders,5,0,1,0,100,0,20,100,5,minmax,True,mnist,"[[0, 0], [0, 0]]",10,31,0.49824288091775026,0.0981,723.0088746547699
flanders,5,0,1,0,100,0,20,100,5,minmax,True,mnist,"[[0, 0], [0, 0]]",10,32,0.49824288091775026,0.0981,723.0088746547699
flanders,5,0,1,0,100,0,20,100,5,minmax,True,mnist,"[[0, 0], [0, 0]]",10,33,0.49824288091775026,0.0981,723.0088746547699
flanders,5,0,1,0,100,0,20,100,5,minmax,True,mnist,"[[0, 0], [0, 0]]",10,34,0.49824288091775026,0.0981,723.0088746547699
flanders,5,0,1,0,100,0,20,100,5,minmax,True,mnist,"[[0, 0], [0, 0]]",10,35,0.49824288091775026,0.0981,723.0088746547699
flanders,5,0,1,0,100,0,20,100,5,minmax,True,mnist,"[[0, 0], [0, 0]]",10,36,0.49824288091775026,0.0981,723.0088746547699
flanders,5,0,1,0,100,0,20,100,5,minmax,True,mnist,"[[0, 0], [0, 0]]",10,37,0.49824288091775026,0.0981,723.0088746547699
flanders,5,0,1,0,100,0,20,100,5,minmax,True,mnist,"[[0, 0], [0, 0]]",10,38,0.49824288091775026,0.0981,723.0088746547699
flanders,5,0,1,0,100,0,20,100,5,minmax,True,mnist,"[[0, 0], [0, 0]]",10,39,0.49824288091775026,0.0981,723.0088746547699
flanders,5,0,1,0,100,0,20,100,5,minmax,True,mnist,"[[0, 0], [0, 0]]",10,40,0.49824288091775026,0.0981,723.0088746547699
flanders,5,0,1,0,100,0,20,100,5,minmax,True,mnist,"[[0, 0], [0, 0]]",10,41,0.49824288091775026,0.0981,723.0088746547699
flanders,5,0,1,0,100,0,20,100,5,minmax,True,mnist,"[[0, 0], [0, 0]]",10,42,0.49824288091775026,0.0981,723.0088746547699
flanders,5,0,1,0,100,0,20,100,5,minmax,True,mnist,"[[0, 0], [0, 0]]",10,43,0.49824288091775026,0.0981,723.0088746547699
flanders,5,0,1,0,100,0,20,100,5,minmax,True,mnist,"[[0, 0], [0, 0]]",10,44,0.49824288091775026,0.0981,723.0088746547699
flanders,5,0,1,0,100,0,20,100,5,minmax,True,mnist,"[[0, 0], [0, 0]]",10,45,0.49824288091775026,0.0981,723.0088746547699
flanders,5,0,1,0,100,0,20,100,5,minmax,True,mnist,"[[0, 0], [0, 0]]",10,46,0.49824288091775026,0.0981,723.0088746547699
flanders,5,0,1,0,100,0,10,1,0,minmax,True,mnist,"[[0, 0], [0, 0]]",10,0,0.4979213887365466,0.0943,723.9316213130951
flanders,5,0,1,0,100,0,10,100,5,minmax,True,mnist,"[[0, 0], [0, 0]]",10,1,0.4979213887365466,0.0943,723.9316213130951
flanders,5,0,1,0,100,0,10,100,5,minmax,True,mnist,"[[0, 0], [0, 0]]",10,2,0.4979213887365466,0.0943,723.9316213130951
flanders,5,0,1,0,100,0,10,100,5,minmax,True,mnist,"[[0, 0], [0, 0]]",10,3,0.4979213887365466,0.0943,723.9316213130951
flanders,5,0,1,0,100,0,10,100,5,minmax,True,mnist,"[[0, 0], [0, 0]]",10,4,0.4979213887365466,0.0943,723.9316213130951
flanders,5,0,1,0,100,0,10,100,5,minmax,True,mnist,"[[0, 0], [0, 0]]",10,5,0.4979213887365466,0.0943,723.9316213130951
flanders,5,0,1,0,100,0,10,100,5,minmax,True,mnist,"[[0, 0], [0, 0]]",10,6,0.4979213887365466,0.0943,723.9316213130951
flanders,5,0,1,0,100,0,10,100,5,minmax,True,mnist,"[[0, 0], [0, 0]]",10,7,0.4979213887365466,0.0943,723.9316213130951
flanders,5,0,1,0,100,0,10,100,5,minmax,True,mnist,"[[0, 0], [0, 0]]",10,8,0.4979213887365466,0.0943,723.9316213130951
flanders,5,0,1,0,100,0,10,100,5,minmax,True,mnist,"[[0, 0], [0, 0]]",10,9,0.4979213887365466,0.0943,723.9316213130951
flanders,5,0,1,0,100,0,10,100,5,minmax,True,mnist,"[[0, 0], [0, 0]]",10,10,0.4979213887365466,0.0943,723.9316213130951
flanders,5,0,1,0,100,0,10,100,5,minmax,True,mnist,"[[0, 0], [0, 0]]",10,11,0.4979213887365466,0.0943,723.9316213130951
flanders,5,0,1,0,100,0,10,100,5,minmax,True,mnist,"[[0, 0], [0, 0]]",10,12,0.4979213887365466,0.0943,723.9316213130951
flanders,5,0,1,0,100,0,10,100,5,minmax,True,mnist,"[[0, 0], [0, 0]]",10,13,0.4979213887365466,0.0943,723.9316213130951
krum,25,0,1,0,10,0,10,1,0,minmax,True,mnist,"[[0, 0], [0, 0]]",10,0,0.5481417314280141,0.1908,716.8176531791687
krum,25,0,1,0,10,0,10,10,25,minmax,True,mnist,"[[0, 0], [0, 0]]",10,1,0.9425618925685054,0.8983,306.9011394381523
krum,25,0,1,0,10,0,10,10,25,minmax,True,mnist,"[[0, 0], [0, 0]]",10,2,0.9593037253184737,0.9281,236.27575132250786
krum,25,0,1,0,10,0,10,10,25,minmax,True,mnist,"[[0, 0], [0, 0]]",10,3,0.9517511014854803,0.9164,182.93144357204437
krum,25,0,1,0,10,0,10,10,25,minmax,True,mnist,"[[0, 0], [0, 0]]",10,4,0.9697551617413698,0.9463,136.05982834100723
krum,25,0,1,0,10,0,10,10,25,minmax,True,mnist,"[[0, 0], [0, 0]]",10,5,0.9609864387174344,0.9302,122.66409775614738
krum,25,0,1,0,10,0,10,10,25,minmax,True,mnist,"[[0, 0], [0, 0]]",10,6,0.9612071201396061,0.9311,100.76259656250477
krum,25,0,1,0,10,0,10,10,25,minmax,True,mnist,"[[0, 0], [0, 0]]",10,7,0.9665751798056605,0.941,81.96918146684766
krum,25,0,1,0,10,0,10,10,25,minmax,True,mnist,"[[0, 0], [0, 0]]",10,8,0.9619640353663739,0.9324,79.37272113189101
krum,25,0,1,0,10,0,10,10,25,minmax,True,mnist,"[[0, 0], [0, 0]]",10,9,0.9568456832096496,0.924,78.71088914573193
krum,25,0,1,0,10,0,10,10,25,minmax,True,mnist,"[[0, 0], [0, 0]]",10,10,0.9629232798223546,0.9341,69.86900316365063
krum,3,0,1,0,10,0,10,1,0,minmax,True,mnist,"[[0, 0], [0, 0]]",10,0,0.49831093043798597,0.0934,724.9293262958527
krum,3,0,1,0,10,0,10,10,3,minmax,True,mnist,"[[0, 0], [0, 0]]",10,1,0.9361935525416584,0.8868,296.1786308288574
krum,3,0,1,0,10,0,10,10,3,minmax,True,mnist,"[[0, 0], [0, 0]]",10,2,0.9567388284390951,0.9237,245.56961610913277
krum,3,0,1,0,10,0,10,10,3,minmax,True,mnist,"[[0, 0], [0, 0]]",10,3,0.9652904068245091,0.9384,197.0810718536377
krum,3,0,1,0,10,0,10,10,3,minmax,True,mnist,"[[0, 0], [0, 0]]",10,4,0.9734734441595764,0.9528,145.07300940155983
krum,3,0,1,0,10,0,10,10,3,minmax,True,mnist,"[[0, 0], [0, 0]]",10,5,0.9670965277671358,0.9418,132.68090741336346
krum,3,0,1,0,10,0,10,10,3,minmax,True,mnist,"[[0, 0], [0, 0]]",10,6,0.9683355389268659,0.9439,112.86232705414295
krum,3,0,1,0,10,0,10,10,3,minmax,True,mnist,"[[0, 0], [0, 0]]",10,7,0.9670520385491563,0.9414,98.8280895203352
krum,3,0,1,0,10,0,10,10,3,minmax,True,mnist,"[[0, 0], [0, 0]]",10,8,0.971481727110336,0.9492,85.0921286828816
krum,3,0,1,0,10,0,10,10,3,minmax,True,mnist,"[[0, 0], [0, 0]]",10,9,0.9674548888339951,0.9424,77.79062131792307
krum,3,0,1,0,10,0,10,10,3,minmax,True,mnist,"[[0, 0], [0, 0]]",10,10,0.9701498021245702,0.9471,69.64553352817893
krum,3,0,1,0,10,0,10,10,3,minmax,True,mnist,"[[0, 0], [0, 0]]",10,11,0.9722837743405977,0.951,66.24864296615124
krum,3,0,1,0,10,0,10,10,3,minmax,True,mnist,"[[0, 0], [0, 0]]",10,12,0.9713944473604222,0.9494,64.99778742715716
krum,3,0,1,0,10,0,10,10,3,minmax,True,mnist,"[[0, 0], [0, 0]]",10,13,0.97939556839492,0.9636,51.38424205966294
krum,3,0,1,0,10,0,10,10,3,minmax,True,mnist,"[[0, 0], [0, 0]]",10,14,0.9805231025913985,0.9654,45.75049600098282
krum,3,0,1,0,10,0,10,10,3,minmax,True,mnist,"[[0, 0], [0, 0]]",10,15,0.9824423038084282,0.9688,38.91528774704784
krum,3,0,1,0,10,0,10,10,3,minmax,True,mnist,"[[0, 0], [0, 0]]",10,16,0.9820978267469224,0.9682,36.955797732342035
krum,3,0,1,0,10,0,10,10,3,minmax,True,mnist,"[[0, 0], [0, 0]]",10,17,0.9818572213250306,0.9677,34.857026557205245
krum,3,0,1,0,10,0,10,10,3,minmax,True,mnist,"[[0, 0], [0, 0]]",10,18,0.9815219922869041,0.9671,34.366801891475916
krum,3,0,1,0,10,0,10,10,3,minmax,True,mnist,"[[0, 0], [0, 0]]",10,19,0.9817504930416445,0.9675,33.6930057782447
krum,3,0,1,0,10,0,10,10,3,minmax,True,mnist,"[[0, 0], [0, 0]]",10,20,0.9825701642477063,0.9689,32.21834974287776
krum,3,0,1,0,10,0,10,10,3,minmax,True,mnist,"[[0, 0], [0, 0]]",10,21,0.9827446391501734,0.9692,31.728370641125366
krum,3,0,1,0,10,0,10,10,3,minmax,True,mnist,"[[0, 0], [0, 0]]",10,22,0.982003091935938,0.9679,32.91290526598459
krum,3,0,1,0,10,0,10,10,3,minmax,True,mnist,"[[0, 0], [0, 0]]",10,23,0.9813044777451896,0.9667,33.3778557771584
krum,0,0,1,0,10,0,10,1,0,no attack,True,mnist,"[[0, 0], [0, 0]]",10,0,0.5119460307237562,0.1294,719.7215299606323
krum,0,0,1,0,10,0,10,10,0,no attack,True,mnist,"[[0, 0], [0, 0]]",10,1,0.9432408535718478,0.8983,303.8349155783653
krum,0,0,1,0,10,0,10,10,0,no attack,True,mnist,"[[0, 0], [0, 0]]",10,2,0.9616709324969618,0.9317,239.71990031003952
krum,0,0,1,0,10,0,10,10,0,no attack,True,mnist,"[[0, 0], [0, 0]]",10,3,0.9575529093667716,0.9235,208.64023876190186
krum,0,0,1,0,10,0,10,10,0,no attack,True,mnist,"[[0, 0], [0, 0]]",10,4,0.9683681921226419,0.9437,161.8601543456316
krum,0,0,1,0,10,0,10,10,0,no attack,True,mnist,"[[0, 0], [0, 0]]",10,5,0.9612805759915801,0.931,135.2440986186266
krum,0,0,1,0,10,0,10,10,0,no attack,True,mnist,"[[0, 0], [0, 0]]",10,6,0.9670098338771383,0.9415,132.35434326529503
krum,0,0,1,0,10,0,10,10,0,no attack,True,mnist,"[[0, 0], [0, 0]]",10,7,0.9649409605394993,0.9377,107.85805777460337
krum,0,0,1,0,10,0,10,10,0,no attack,True,mnist,"[[0, 0], [0, 0]]",10,8,0.9705288050944733,0.9471,99.47849474102259
krum,0,0,1,0,10,0,10,10,0,no attack,True,mnist,"[[0, 0], [0, 0]]",10,9,0.9720654679870797,0.9497,81.89494800940156
krum,0,0,1,0,10,0,10,10,0,no attack,True,mnist,"[[0, 0], [0, 0]]",10,10,0.9766069098145669,0.9585,73.7128584086895
krum,0,0,1,0,10,0,10,10,0,no attack,True,mnist,"[[0, 0], [0, 0]]",10,11,0.9756123824284192,0.9561,67.31884503737092
krum,0,0,1,0,10,0,10,10,0,no attack,True,mnist,"[[0, 0], [0, 0]]",10,12,0.9785076412082068,0.9618,54.87805498205125
krum,0,0,1,0,10,0,10,10,0,no attack,True,mnist,"[[0, 0], [0, 0]]",10,13,0.981165004334156,0.9662,47.370605061762035
krum,0,0,1,0,10,0,10,10,0,no attack,True,mnist,"[[0, 0], [0, 0]]",10,14,0.9765590183414957,0.9578,51.4398030648008
krum,0,0,1,0,10,0,10,10,0,no attack,True,mnist,"[[0, 0], [0, 0]]",10,15,0.9753046895547517,0.9561,47.31092326901853
krum,0,0,1,0,10,0,10,10,0,no attack,True,mnist,"[[0, 0], [0, 0]]",10,16,0.9777398065005132,0.9602,44.0901215467602
krum,0,0,1,0,10,0,10,10,0,no attack,True,mnist,"[[0, 0], [0, 0]]",10,17,0.9770916607247369,0.9593,45.77749674208462
krum,0,0,1,0,10,0,10,10,0,no attack,True,mnist,"[[0, 0], [0, 0]]",10,18,0.9727937275249982,0.9517,53.504332137759775
krum,0,0,1,0,10,0,10,10,0,no attack,True,mnist,"[[0, 0], [0, 0]]",10,19,0.9732070494299823,0.9519,47.71479330235161
krum,0,0,1,0,10,0,10,10,0,no attack,True,mnist,"[[0, 0], [0, 0]]",10,20,0.9738804557307177,0.9534,46.23979250853881
krum,0,0,1,0,10,0,10,10,0,no attack,True,mnist,"[[0, 0], [0, 0]]",10,21,0.9722140346975845,0.9505,52.68548037158325
krum,0,0,1,0,10,0,10,10,0,no attack,True,mnist,"[[0, 0], [0, 0]]",10,22,0.9779427469640931,0.9608,41.95252682315186
krum,0,0,1,0,10,0,10,10,0,no attack,True,mnist,"[[0, 0], [0, 0]]",10,23,0.9735412643162208,0.953,49.19586379092652
krum,0,0,1,0,10,0,10,10,0,no attack,True,mnist,"[[0, 0], [0, 0]]",10,24,0.9767661050971352,0.9586,44.133783689903794
krum,0,0,1,0,10,0,10,10,0,no attack,True,mnist,"[[0, 0], [0, 0]]",10,25,0.9784663853550999,0.9615,42.042439282289706
krum,0,0,1,0,10,0,10,10,0,no attack,True,mnist,"[[0, 0], [0, 0]]",10,26,0.969287351362507,0.945,57.847286986594554
krum,0,0,1,0,10,0,10,10,0,no attack,True,mnist,"[[0, 0], [0, 0]]",10,27,0.976277026252059,0.9574,45.1793281264836
krum,0,0,1,0,10,0,10,10,0,no attack,True,mnist,"[[0, 0], [0, 0]]",10,28,0.9724264579785121,0.9504,54.64796391039272
krum,0,0,1,0,10,0,10,10,0,no attack,True,mnist,"[[0, 0], [0, 0]]",10,29,0.9708616588261055,0.9474,60.58532459032722
krum,3,0.0,1,0,10,0,10,1,0,minmax,True,circles,"[[0, 0], [0, 0]]",10,0,0.5242424242424243,0
krum,3,0.0,1,0,10,0,10,10,3,minmax,True,circles,"[[0, 0], [0, 0]]",10,1,0.6366666666666667,0
krum,3,0.0,1,0,10,0,10,10,3,minmax,True,circles,"[[0, 0], [0, 0]]",10,2,0.8342424242424242,0
krum,3,0.0,1,0,10,0,10,10,3,minmax,True,circles,"[[0, 0], [0, 0]]",10,3,0.9018181818181819,0
krum,3,0.0,1,0,10,0,10,10,3,minmax,True,circles,"[[0, 0], [0, 0]]",10,4,0.9193939393939394,0
krum,3,0.0,1,0,10,0,10,10,3,minmax,True,circles,"[[0, 0], [0, 0]]",10,5,0.9187878787878788,0
krum,3,0.0,1,0,10,0,10,10,3,minmax,True,circles,"[[0, 0], [0, 0]]",10,6,0.9484848484848485,0
krum,3,0.0,1,0,10,0,10,10,3,minmax,True,circles,"[[0, 0], [0, 0]]",10,7,0.9545454545454546,0
krum,3,0.0,1,0,10,0,10,10,3,minmax,True,circles,"[[0, 0], [0, 0]]",10,8,0.943939393939394,0
krum,3,0.0,1,0,10,0,10,10,3,minmax,True,circles,"[[0, 0], [0, 0]]",10,9,0.9503030303030303,0
krum,3,0.0,1,0,10,0,10,10,3,minmax,True,circles,"[[0, 0], [0, 0]]",10,10,0.9524242424242424,0
krum,3,0.0,1,0,10,0,10,10,3,minmax,True,circles,"[[0, 0], [0, 0]]",10,11,0.9636363636363636,0
krum,3,0.0,1,0,10,0,10,10,3,minmax,True,circles,"[[0, 0], [0, 0]]",10,12,0.9624242424242424,0
krum,3,0.0,1,0,10,0,10,10,3,minmax,True,circles,"[[0, 0], [0, 0]]",10,13,0.9651515151515152,0
krum,3,0.0,1,0,10,0,10,10,3,minmax,True,circles,"[[0, 0], [0, 0]]",10,14,0.973939393939394,0
krum,3,0.0,1,0,10,0,10,10,3,minmax,True,circles,"[[0, 0], [0, 0]]",10,15,0.9751515151515151,0
krum,3,0.0,1,0,10,0,10,10,3,minmax,True,circles,"[[0, 0], [0, 0]]",10,16,0.9766666666666667,0
krum,3,0.0,1,0,10,0,10,10,3,minmax,True,circles,"[[0, 0], [0, 0]]",10,17,0.9760606060606061,0
krum,3,0.0,1,0,10,0,10,10,3,minmax,True,circles,"[[0, 0], [0, 0]]",10,18,0.9693939393939394,0
krum,3,0.0,1,0,10,0,10,10,3,minmax,True,circles,"[[0, 0], [0, 0]]",10,19,0.973939393939394,0
krum,3,0.0,1,0,10,0,10,10,3,minmax,True,circles,"[[0, 0], [0, 0]]",10,20,0.9687878787878788,0
krum,3,0.0,1,0,10,0,10,1,0,minmax,True,circles,"[[0, 0], [0, 0]]",10,0,0.4818181818181818,0
krum,3,0.0,1,0,10,0,10,10,3,minmax,True,circles,"[[0, 0], [0, 0]]",10,1,0.7693939393939394,0
krum,3,0.0,1,0,10,0,10,10,3,minmax,True,circles,"[[0, 0], [0, 0]]",10,2,0.8687878787878788,0
krum,3,0.0,1,0,10,0,10,10,3,minmax,True,circles,"[[0, 0], [0, 0]]",10,3,0.9172727272727272,0
krum,3,0.0,1,0,10,0,10,10,3,minmax,True,circles,"[[0, 0], [0, 0]]",10,4,0.933939393939394,0
krum,3,0.0,1,0,10,0,10,10,3,minmax,True,circles,"[[0, 0], [0, 0]]",10,5,0.9496969696969697,0
krum,3,0.0,1,0,10,0,10,10,3,minmax,True,circles,"[[0, 0], [0, 0]]",10,6,0.9584848484848485,0
krum,3,0.0,1,0,10,0,10,10,3,minmax,True,circles,"[[0, 0], [0, 0]]",10,7,0.9615151515151515,0
krum,3,0.0,1,0,10,0,10,10,3,minmax,True,circles,"[[0, 0], [0, 0]]",10,8,0.9642424242424242,0
krum,3,0.0,1,0,10,0,10,10,3,minmax,True,circles,"[[0, 0], [0, 0]]",10,9,0.9690909090909091,0
krum,3,0.0,1,0,10,0,10,10,3,minmax,True,circles,"[[0, 0], [0, 0]]",10,10,0.9654545454545455,0
krum,3,0.0,1,0,10,0,10,10,3,minmax,True,circles,"[[0, 0], [0, 0]]",10,11,0.9718181818181818,0
krum,3,0.0,1,0,10,0,10,10,3,minmax,True,circles,"[[0, 0], [0, 0]]",10,12,0.973939393939394,0
krum,3,0.0,1,0,10,0,10,10,3,minmax,True,circles,"[[0, 0], [0, 0]]",10,13,0.9712121212121212,0
krum,3,0.0,1,0,10,0,10,10,3,minmax,True,circles,"[[0, 0], [0, 0]]",10,14,0.9784848484848485,0
krum,3,0.0,1,0,10,0,10,10,3,minmax,True,circles,"[[0, 0], [0, 0]]",10,15,0.9760606060606061,0
krum,3,0.0,1,0,10,0,10,10,3,minmax,True,circles,"[[0, 0], [0, 0]]",10,16,0.9718181818181818,0
krum,3,0.0,1,0,10,0,10,10,3,minmax,True,circles,"[[0, 0], [0, 0]]",10,17,0.9748484848484849,0
krum,3,0.0,1,0,10,0,10,10,3,minmax,True,circles,"[[0, 0], [0, 0]]",10,18,0.9754545454545455,0
krum,3,0.0,1,0,10,0,10,10,3,minmax,True,circles,"[[0, 0], [0, 0]]",10,19,0.9727272727272728,0
krum,3,0.0,1,0,10,0,10,10,3,minmax,True,circles,"[[0, 0], [0, 0]]",10,20,0.973030303030303,0
krum,5,0.0,1,0,10,0,10,1,0,minmax,True,circles,"[[0, 0], [0, 0]]",10,0,0.5078787878787879,0
krum,5,0.0,1,0,10,0,10,10,5,minmax,True,circles,"[[0, 0], [0, 0]]",10,1,0.6290909090909091,0
krum,5,0.0,1,0,10,0,10,10,5,minmax,True,circles,"[[0, 0], [0, 0]]",10,2,0.7339393939393939,0
krum,5,0.0,1,0,10,0,10,10,5,minmax,True,circles,"[[0, 0], [0, 0]]",10,3,0.7709090909090909,0
krum,5,0.0,1,0,10,0,10,10,5,minmax,True,circles,"[[0, 0], [0, 0]]",10,4,0.8457575757575757,0
krum,5,0.0,1,0,10,0,10,10,5,minmax,True,circles,"[[0, 0], [0, 0]]",10,5,0.8975757575757576,0
krum,5,0.0,1,0,10,0,10,10,5,minmax,True,circles,"[[0, 0], [0, 0]]",10,6,0.9163636363636364,0
krum,5,0.0,1,0,10,0,10,10,5,minmax,True,circles,"[[0, 0], [0, 0]]",10,7,0.9209090909090909,0
krum,5,0.0,1,0,10,0,10,10,5,minmax,True,circles,"[[0, 0], [0, 0]]",10,8,0.9433333333333334,0
krum,5,0.0,1,0,10,0,10,10,5,minmax,True,circles,"[[0, 0], [0, 0]]",10,9,0.9536363636363636,0
krum,5,0.0,1,0,10,0,10,10,5,minmax,True,circles,"[[0, 0], [0, 0]]",10,10,0.9527272727272728,0
krum,5,0.0,1,0,10,0,10,10,5,minmax,True,circles,"[[0, 0], [0, 0]]",10,11,0.9581818181818181,0
krum,5,0.0,1,0,10,0,10,10,5,minmax,True,circles,"[[0, 0], [0, 0]]",10,12,0.9654545454545455,0
krum,5,0.0,1,0,10,0,10,10,5,minmax,True,circles,"[[0, 0], [0, 0]]",10,13,0.94,0
krum,5,0.0,1,0,10,0,10,10,5,minmax,True,circles,"[[0, 0], [0, 0]]",10,14,0.57,0
krum,5,0.0,1,0,10,0,10,10,5,minmax,True,circles,"[[0, 0], [0, 0]]",10,15,0.506969696969697,0
krum,5,0.0,1,0,10,0,10,10,5,minmax,True,circles,"[[0, 0], [0, 0]]",10,16,0.683030303030303,0
krum,5,0.0,1,0,10,0,10,10,5,minmax,True,circles,"[[0, 0], [0, 0]]",10,17,0.6239393939393939,0
krum,5,0.0,1,0,10,0,10,10,5,minmax,True,circles,"[[0, 0], [0, 0]]",10,18,0.6196969696969697,0
krum,5,0.0,1,0,10,0,10,10,5,minmax,True,circles,"[[0, 0], [0, 0]]",10,19,0.610909090909091,0
krum,5,0.0,1,0,10,0,10,10,5,minmax,True,circles,"[[0, 0], [0, 0]]",10,20,0.6615151515151515,0
krum,5,0.0,1,0,10,0,10,10,5,minmax,True,circles,"[[0, 0], [0, 0]]",10,21,0.6630303030303031,0
krum,5,0.0,1,0,10,0,10,10,5,minmax,True,circles,"[[0, 0], [0, 0]]",10,22,0.6751515151515152,0
krum,5,0.0,1,0,10,0,10,10,5,minmax,True,circles,"[[0, 0], [0, 0]]",10,23,0.6615151515151515,0
krum,5,0.0,1,0,10,0,10,10,5,minmax,True,circles,"[[0, 0], [0, 0]]",10,24,0.6618181818181819,0
krum,5,0.0,1,0,10,0,10,10,5,minmax,True,circles,"[[0, 0], [0, 0]]",10,25,0.6606060606060606,0
krum,5,0.0,1,0,10,0,10,10,5,minmax,True,circles,"[[0, 0], [0, 0]]",10,26,0.6627272727272727,0
krum,5,0.0,1,0,10,0,10,10,5,minmax,True,circles,"[[0, 0], [0, 0]]",10,27,0.6636363636363637,0
krum,5,0.0,1,0,10,0,10,10,5,minmax,True,circles,"[[0, 0], [0, 0]]",10,28,0.6539393939393939,0
krum,5,0.0,1,0,10,0,10,10,5,minmax,True,circles,"[[0, 0], [0, 0]]",10,29,0.6496969696969697,0
krum,5,0.0,1,0,10,0,10,10,5,minmax,True,circles,"[[0, 0], [0, 0]]",10,30,0.6784848484848485,0
krum,5,0.0,1,0,10,0,10,10,5,minmax,True,circles,"[[0, 0], [0, 0]]",10,31,0.6745454545454546,0
krum,5,0.0,1,0,10,0,10,10,5,minmax,True,circles,"[[0, 0], [0, 0]]",10,32,0.6593939393939394,0
krum,5,0.0,1,0,10,0,10,10,5,minmax,True,circles,"[[0, 0], [0, 0]]",10,33,0.6648484848484848,0
krum,5,0.0,1,0,10,0,10,10,5,minmax,True,circles,"[[0, 0], [0, 0]]",10,34,0.6812121212121212,0
krum,5,0.0,1,0,10,0,10,10,5,minmax,True,circles,"[[0, 0], [0, 0]]",10,35,0.6763636363636364,0
krum,5,0.0,1,0,10,0,10,10,5,minmax,True,circles,"[[0, 0], [0, 0]]",10,36,0.6724242424242424,0
krum,5,0.0,1,0,10,0,10,10,5,minmax,True,circles,"[[0, 0], [0, 0]]",10,37,0.4954545454545455,0
krum,5,0.0,1,0,10,0,10,10,5,minmax,True,circles,"[[0, 0], [0, 0]]",10,38,0.503030303030303,0
krum,5,0.0,1,0,10,0,10,10,5,minmax,True,circles,"[[0, 0], [0, 0]]",10,39,0.5109090909090909,0
krum,5,0.0,1,0,10,0,10,10,5,minmax,True,circles,"[[0, 0], [0, 0]]",10,40,0.4906060606060606,0
krum,5,0.0,1,0,10,0,10,10,5,minmax,True,circles,"[[0, 0], [0, 0]]",10,41,0.49636363636363634,0
krum,5,0.0,1,0,10,0,10,10,5,minmax,True,circles,"[[0, 0], [0, 0]]",10,42,0.4951515151515152,0
krum,5,0.0,1,0,10,0,10,10,5,minmax,True,circles,"[[0, 0], [0, 0]]",10,43,0.5039393939393939,0
krum,5,0.0,1,0,10,0,10,10,5,minmax,True,circles,"[[0, 0], [0, 0]]",10,44,0.5018181818181818,0
krum,5,0.0,1,0,10,0,10,10,5,minmax,True,circles,"[[0, 0], [0, 0]]",10,45,0.5024242424242424,0
krum,5,0.0,1,0,10,0,10,10,5,minmax,True,circles,"[[0, 0], [0, 0]]",10,46,0.49818181818181817,0
krum,5,0.0,1,0,10,0,10,10,5,minmax,True,circles,"[[0, 0], [0, 0]]",10,47,0.509090909090909,0
krum,5,0.0,1,0,10,0,10,10,5,minmax,True,circles,"[[0, 0], [0, 0]]",10,48,0.49363636363636365,0
krum,5,0.0,1,0,10,0,10,10,5,minmax,True,circles,"[[0, 0], [0, 0]]",10,49,0.49606060606060604,0
krum,5,0.0,1,0,10,0,10,10,5,minmax,True,circles,"[[0, 0], [0, 0]]",10,50,0.5006060606060606,0
krum,5,0.0,1,0,10,0,10,1,0,minmax,True,mnist,"[[0, 0], [0, 0]]",10,0,0.5281790721021535,0.1518,718.9791884422302
krum,5,0.0,1,0,10,0,10,1,0,minmax,True,mnist,"[[0, 0], [0, 0]]",10,0,0.49674335902284444,0.0922,720.7278828620911
krum,5,0.0,1,0,10,0,10,10,5,minmax,True,mnist,"[[0, 0], [0, 0]]",10,1,0.9068544412030081,0.8339,331.07136487960815
krum,5,0.0,1,0,10,0,10,10,5,minmax,True,mnist,"[[0, 0], [0, 0]]",10,2,0.958071918173475,0.9253,237.49309366941452
krum,5,0.0,1,0,10,0,10,10,5,minmax,True,mnist,"[[0, 0], [0, 0]]",10,3,0.9654921036079538,0.9386,183.21440666913986
krum,5,0.0,1,0,10,0,10,10,5,minmax,True,mnist,"[[0, 0], [0, 0]]",10,4,0.9570249477379722,0.9231,173.85560312867165
krum,5,0.0,1,0,10,0,10,10,5,minmax,True,mnist,"[[0, 0], [0, 0]]",10,5,0.9695095316753676,0.9451,121.55932705104351
krum,5,0.0,1,0,10,0,10,10,5,minmax,True,mnist,"[[0, 0], [0, 0]]",10,6,0.9648139336151831,0.9368,131.21144242584705
krum,5,0.0,1,0,10,0,10,10,5,minmax,True,mnist,"[[0, 0], [0, 0]]",10,7,0.9715172415997062,0.9493,98.57412646710873
krum,5,0.0,1,0,10,0,10,10,5,minmax,True,mnist,"[[0, 0], [0, 0]]",10,8,0.9742219204165451,0.9541,83.71606384962797
krum,5,0.0,1,0,10,0,10,10,5,minmax,True,mnist,"[[0, 0], [0, 0]]",10,9,0.9676896552134953,0.9427,74.99952877312899
krum,5,0.0,1,0,10,0,10,10,5,minmax,True,mnist,"[[0, 0], [0, 0]]",10,10,0.9694719247413633,0.9457,73.14575792104006
krum,5,0.0,1,0,10,0,10,10,5,minmax,True,mnist,"[[0, 0], [0, 0]]",10,11,0.9792554571654428,0.9632,56.03794482164085
krum,5,0.0,1,0,10,0,10,10,5,minmax,True,mnist,"[[0, 0], [0, 0]]",10,12,0.9816171182884258,0.9674,46.2284140791744
krum,5,0.0,1,0,10,0,10,10,5,minmax,True,mnist,"[[0, 0], [0, 0]]",10,13,0.9820113093826606,0.9679,42.7428906224668
krum,5,0.0,1,0,10,0,10,10,5,minmax,True,mnist,"[[0, 0], [0, 0]]",10,14,0.9826061883504298,0.9691,38.264029435347766
krum,5,0.0,1,0,10,0,10,10,5,minmax,True,mnist,"[[0, 0], [0, 0]]",10,15,0.9820174649211351,0.9679,38.13493198854849
krum,5,0.0,1,0,10,0,10,10,5,minmax,True,mnist,"[[0, 0], [0, 0]]",10,16,0.9832032699149196,0.97,34.310438740532845
krum,5,0.0,1,0,10,0,10,10,5,minmax,True,mnist,"[[0, 0], [0, 0]]",10,17,0.9830252825903708,0.9697,34.19125616538804
krum,5,0.0,1,0,10,0,10,10,5,minmax,True,mnist,"[[0, 0], [0, 0]]",10,18,0.982689362022875,0.9691,33.31330364313908
krum,5,0.0,1,0,10,0,10,10,5,minmax,True,mnist,"[[0, 0], [0, 0]]",10,19,0.9819686294760558,0.9678,33.02099673007615
krum,5,0.0,1,0,10,0,10,10,5,minmax,True,mnist,"[[0, 0], [0, 0]]",10,20,0.9819038723132151,0.9677,34.534535776416305
krum,5,0.0,1,0,10,0,10,10,5,minmax,True,mnist,"[[0, 0], [0, 0]]",10,21,0.9804757037241251,0.9653,35.84071497514378
krum,5,0.0,1,0,10,0,10,10,5,minmax,True,mnist,"[[0, 0], [0, 0]]",10,22,0.9805485469407855,0.9653,37.43867431450053
krum,5,0.0,1,0,10,0,10,10,5,minmax,True,mnist,"[[0, 0], [0, 0]]",10,23,0.9812390390620168,0.9662,36.510420563601656
krum,5,0.0,1,0,10,0,10,10,5,minmax,True,mnist,"[[0, 0], [0, 0]]",10,24,0.9808492267879245,0.9656,38.023754447625834
krum,5,0.0,1,0,10,0,10,10,5,minmax,True,mnist,"[[0, 0], [0, 0]]",10,25,0.9803406187555123,0.9647,38.76344946856989
krum,5,0.0,1,0,10,0,10,1,0,minmax,True,mnist,"[[0, 0], [0, 0]]",10,0,0.5000656730050472,0.0974,718.952335357666
krum,5,0.0,1,0,10,0,10,10,5,minmax,True,mnist,"[[0, 0], [0, 0]]",10,1,0.9334272460108728,0.8816,306.1935985684395
krum,5,0.0,1,0,10,0,10,10,5,minmax,True,mnist,"[[0, 0], [0, 0]]",10,2,0.9538455815647234,0.9176,267.51162791252136
krum,5,0.0,1,0,10,0,10,10,5,minmax,True,mnist,"[[0, 0], [0, 0]]",10,3,0.9577218549985045,0.9251,198.05255663394928
krum,5,0.0,1,0,10,0,10,10,5,minmax,True,mnist,"[[0, 0], [0, 0]]",10,4,0.9674784988699621,0.9414,171.91352117061615
krum,5,0.0,1,0,10,0,10,10,5,minmax,True,mnist,"[[0, 0], [0, 0]]",10,5,0.971137292435961,0.9482,133.7068611830473
krum,5,0.0,1,0,10,0,10,10,5,minmax,True,mnist,"[[0, 0], [0, 0]]",10,6,0.9715381150223376,0.9494,119.70112274587154
krum,5,0.0,1,0,10,0,10,10,5,minmax,True,mnist,"[[0, 0], [0, 0]]",10,7,0.9584313719126755,0.9253,123.44100788235664
krum,5,0.0,1,0,10,0,10,10,5,minmax,True,mnist,"[[0, 0], [0, 0]]",10,8,0.9708746430037654,0.9481,87.10390029475093
krum,5,0.0,1,0,10,0,10,10,5,minmax,True,mnist,"[[0, 0], [0, 0]]",10,9,0.9700607340860126,0.9469,85.93278106302023
krum,5,0.0,1,0,10,0,10,10,5,minmax,True,mnist,"[[0, 0], [0, 0]]",10,10,0.9726087760164726,0.9512,75.32682881504297
krum,5,0.0,1,0,10,0,10,10,5,minmax,True,mnist,"[[0, 0], [0, 0]]",10,11,0.9785930268475684,0.9618,58.436620358377695
krum,5,0.0,1,0,10,0,10,10,5,minmax,True,mnist,"[[0, 0], [0, 0]]",10,12,0.9804384049731611,0.965,49.18342083413154
krum,5,0.0,1,0,10,0,10,10,5,minmax,True,mnist,"[[0, 0], [0, 0]]",10,13,0.9800352273266562,0.9646,44.24372040387243
krum,5,0.0,1,0,10,0,10,10,5,minmax,True,mnist,"[[0, 0], [0, 0]]",10,14,0.9824662679239584,0.9686,39.092750201467425
krum,5,0.0,1,0,10,0,10,10,5,minmax,True,mnist,"[[0, 0], [0, 0]]",10,15,0.9808198507802659,0.9658,38.017718808725476
krum,5,0.0,1,0,10,0,10,10,5,minmax,True,mnist,"[[0, 0], [0, 0]]",10,16,0.9810016317754023,0.9661,36.816571444738656
krum,5,0.0,1,0,10,0,10,10,5,minmax,True,mnist,"[[0, 0], [0, 0]]",10,17,0.979662749455092,0.9637,37.45740956882946
krum,5,0.0,1,0,10,0,10,10,5,minmax,True,mnist,"[[0, 0], [0, 0]]",10,18,0.9793027526905487,0.9629,37.19710777932778
krum,5,0.0,1,0,10,0,10,10,5,minmax,True,mnist,"[[0, 0], [0, 0]]",10,19,0.9778230194092975,0.9602,39.02116997248959
krum,6,0.0,1,0,10,0,10,1,0,minmax,True,mnist,"[[0, 0], [0, 0]]",10,0,0.535705659407042,0.1718,721.6263461112976
krum,6,0.0,1,0,10,0,10,10,6,minmax,True,mnist,"[[0, 0], [0, 0]]",10,1,0.9320348048185423,0.8792,307.90889954566956
krum,6,0.0,1,0,10,0,10,10,6,minmax,True,mnist,"[[0, 0], [0, 0]]",10,2,0.9580312743098691,0.9261,239.34133705496788
krum,6,0.0,1,0,10,0,10,10,6,minmax,True,mnist,"[[0, 0], [0, 0]]",10,3,0.9571822035102231,0.924,186.8818160891533
krum,6,0.0,1,0,10,0,10,10,6,minmax,True,mnist,"[[0, 0], [0, 0]]",10,4,0.9658518103235816,0.9397,171.0292165875435
krum,6,0.0,1,0,10,0,10,10,6,minmax,True,mnist,"[[0, 0], [0, 0]]",10,5,0.9645654515780396,0.937,145.05769750475883
krum,6,0.0,1,0,10,0,10,10,6,minmax,True,mnist,"[[0, 0], [0, 0]]",10,6,0.9639552145066288,0.9366,120.31934863328934
krum,6,0.0,1,0,10,0,10,10,6,minmax,True,mnist,"[[0, 0], [0, 0]]",10,7,0.9715614643892664,0.9496,106.96672900766134
krum,6,0.0,1,0,10,0,10,10,6,minmax,True,mnist,"[[0, 0], [0, 0]]",10,8,0.975541352187444,0.9567,81.77479453012347
krum,6,0.0,1,0,10,0,10,10,6,minmax,True,mnist,"[[0, 0], [0, 0]]",10,9,0.9731880952058157,0.9523,74.2113510966301
krum,6,0.0,1,0,10,0,10,10,6,minmax,True,mnist,"[[0, 0], [0, 0]]",10,10,0.9753475539654737,0.9561,67.36249213665724
krum,6,0.0,1,0,10,0,10,10,6,minmax,True,mnist,"[[0, 0], [0, 0]]",10,11,0.9809254918811687,0.9662,54.674605820328
krum,6,0.0,1,0,10,0,10,10,6,minmax,True,mnist,"[[0, 0], [0, 0]]",10,12,0.9812974793761239,0.9668,48.40157246775925
krum,6,0.0,1,0,10,0,10,10,6,minmax,True,mnist,"[[0, 0], [0, 0]]",10,13,0.9808410958660565,0.966,45.77537987474352
krum,6,0.0,1,0,10,0,10,10,6,minmax,True,mnist,"[[0, 0], [0, 0]]",10,14,0.9797907108116408,0.9644,43.35784042626619
krum,6,0.0,1,0,10,0,10,10,6,minmax,True,mnist,"[[0, 0], [0, 0]]",10,15,0.9792684812250287,0.9633,41.92395099904388
krum,6,0.0,1,0,10,0,10,10,6,minmax,True,mnist,"[[0, 0], [0, 0]]",10,16,0.9795182250541397,0.9636,41.6762726935558
krum,6,0.0,1,0,10,0,10,10,6,minmax,True,mnist,"[[0, 0], [0, 0]]",10,17,0.9792591646838114,0.9633,39.53667487180792
krum,6,0.0,1,0,10,0,10,10,6,minmax,True,mnist,"[[0, 0], [0, 0]]",10,18,0.9790278521986947,0.9628,38.43038488912862
krum,6,0.0,1,0,10,0,10,10,6,minmax,True,mnist,"[[0, 0], [0, 0]]",10,19,0.9809054852743457,0.966,36.56085999275092
krum,6,0.0,1,0,10,0,10,1,0,minmax,True,mnist,"[[0, 0], [0, 0]]",10,0,0.5016713307720264,0.1015,721.7045741081238
krum,6,0.0,1,0,10,0,10,10,6,minmax,True,mnist,"[[0, 0], [0, 0]]",10,1,0.9304958779827208,0.8768,302.4538105726242
krum,6,0.0,1,0,10,0,10,10,6,minmax,True,mnist,"[[0, 0], [0, 0]]",10,2,0.954630878871012,0.9205,241.81915253400803
krum,6,0.0,1,0,10,0,10,10,6,minmax,True,mnist,"[[0, 0], [0, 0]]",10,3,0.9697575856389861,0.9462,193.47245049476624
krum,6,0.0,1,0,10,0,10,10,6,minmax,True,mnist,"[[0, 0], [0, 0]]",10,4,0.9689823792533657,0.9447,147.10907143354416
krum,6,0.0,1,0,10,0,10,10,6,minmax,True,mnist,"[[0, 0], [0, 0]]",10,5,0.9711941680361018,0.9485,140.31501273810863
krum,6,0.0,1,0,10,0,10,10,6,minmax,True,mnist,"[[0, 0], [0, 0]]",10,6,0.9622874393332911,0.9332,128.48992455005646
krum,6,0.0,1,0,10,0,10,10,6,minmax,True,mnist,"[[0, 0], [0, 0]]",10,7,0.9736034537854042,0.9531,91.36215636134148
krum,6,0.0,1,0,10,0,10,10,6,minmax,True,mnist,"[[0, 0], [0, 0]]",10,8,0.976155684638238,0.9577,91.91435392200947
krum,6,0.0,1,0,10,0,10,10,6,minmax,True,mnist,"[[0, 0], [0, 0]]",10,9,0.9728308388545557,0.9517,71.57244607061148
krum,6,0.0,1,0,10,0,10,10,6,minmax,True,mnist,"[[0, 0], [0, 0]]",10,10,0.9693825847904127,0.9459,70.48056633397937
krum,6,0.0,1,0,10,0,10,10,6,minmax,True,mnist,"[[0, 0], [0, 0]]",10,11,0.9788718585157834,0.9626,57.93254680559039
krum,6,0.0,1,0,10,0,10,10,6,minmax,True,mnist,"[[0, 0], [0, 0]]",10,12,0.9793839979541739,0.9637,50.84499339200556
krum,6,0.0,1,0,10,0,10,10,6,minmax,True,mnist,"[[0, 0], [0, 0]]",10,13,0.9806288610601188,0.9657,46.39429625403136
krum,6,0.0,1,0,10,0,10,10,6,minmax,True,mnist,"[[0, 0], [0, 0]]",10,14,0.9800897262347963,0.9649,42.83174881711602
krum,6,0.0,1,0,10,0,10,1,0,minmax,True,circles,"[[0, 0], [0, 0]]",10,0,0.5078787878787879,0
krum,6,0.0,1,0,10,0,10,10,6,minmax,True,circles,"[[0, 0], [0, 0]]",10,1,0.6906060606060606,0
krum,6,0.0,1,0,10,0,10,10,6,minmax,True,circles,"[[0, 0], [0, 0]]",10,2,0.8381818181818181,0
krum,6,0.0,1,0,10,0,10,10,6,minmax,True,circles,"[[0, 0], [0, 0]]",10,3,0.886969696969697,0
krum,6,0.0,1,0,10,0,10,10,6,minmax,True,circles,"[[0, 0], [0, 0]]",10,4,0.8996969696969697,0
krum,6,0.0,1,0,10,0,10,10,6,minmax,True,circles,"[[0, 0], [0, 0]]",10,5,0.9227272727272727,0
krum,6,0.0,1,0,10,0,10,10,6,minmax,True,circles,"[[0, 0], [0, 0]]",10,6,0.9490909090909091,0
krum,6,0.0,1,0,10,0,10,10,6,minmax,True,circles,"[[0, 0], [0, 0]]",10,7,0.9563636363636364,0
krum,6,0.0,1,0,10,0,10,10,6,minmax,True,circles,"[[0, 0], [0, 0]]",10,8,0.9645454545454546,0
krum,6,0.0,1,0,10,0,10,10,6,minmax,True,circles,"[[0, 0], [0, 0]]",10,9,0.9684848484848485,0
krum,6,0.0,1,0,10,0,10,10,6,minmax,True,circles,"[[0, 0], [0, 0]]",10,10,0.9687878787878788,0
krum,6,0.0,1,0,10,0,10,10,6,minmax,True,circles,"[[0, 0], [0, 0]]",10,11,0.9690909090909091,0
krum,6,0.0,1,0,10,0,10,10,6,minmax,True,circles,"[[0, 0], [0, 0]]",10,12,0.9742424242424242,0
krum,6,0.0,1,0,10,0,10,10,6,minmax,True,circles,"[[0, 0], [0, 0]]",10,13,0.9203030303030303,0
krum,6,0.0,1,0,10,0,10,10,6,minmax,True,circles,"[[0, 0], [0, 0]]",10,14,0.5078787878787879,0
krum,6,0.0,1,0,10,0,10,10,6,minmax,True,circles,"[[0, 0], [0, 0]]",10,15,0.49303030303030304,0
krum,6,0.0,1,0,10,0,10,10,6,minmax,True,circles,"[[0, 0], [0, 0]]",10,16,0.5003030303030302,0
krum,6,0.0,1,0,10,0,10,10,6,minmax,True,circles,"[[0, 0], [0, 0]]",10,17,0.5075757575757576,0
krum,6,0.0,1,0,10,0,10,10,6,minmax,True,circles,"[[0, 0], [0, 0]]",10,18,0.4993939393939394,0
krum,6,0.0,1,0,10,0,10,10,6,minmax,True,circles,"[[0, 0], [0, 0]]",10,19,0.49696969696969695,0
krum,6,0.0,1,0,10,0,10,10,6,minmax,True,circles,"[[0, 0], [0, 0]]",10,20,0.5,0
krum,6,0.0,1,0,10,0,10,10,6,minmax,True,circles,"[[0, 0], [0, 0]]",10,21,0.4984848484848485,0
krum,6,0.0,1,0,10,0,10,10,6,minmax,True,circles,"[[0, 0], [0, 0]]",10,22,0.5006060606060606,0
krum,6,0.0,1,0,10,0,10,10,6,minmax,True,circles,"[[0, 0], [0, 0]]",10,23,0.49454545454545457,0
krum,6,0.0,1,0,10,0,10,10,6,minmax,True,circles,"[[0, 0], [0, 0]]",10,24,0.5027272727272727,0
krum,6,0.0,1,0,10,0,10,10,6,minmax,True,circles,"[[0, 0], [0, 0]]",10,25,0.4996969696969697,0
krum,6,0.0,1,0,10,0,10,10,6,minmax,True,circles,"[[0, 0], [0, 0]]",10,26,0.5151515151515151,0
krum,6,0.0,1,0,10,0,10,10,6,minmax,True,circles,"[[0, 0], [0, 0]]",10,27,0.5036363636363637,0
krum,6,0.0,1,0,10,0,10,10,6,minmax,True,circles,"[[0, 0], [0, 0]]",10,28,0.5063636363636363,0
krum,6,0.0,1,0,10,0,10,10,6,minmax,True,circles,"[[0, 0], [0, 0]]",10,29,0.5096969696969696,0
krum,6,0.0,1,0,10,0,10,10,6,minmax,True,circles,"[[0, 0], [0, 0]]",10,30,0.48878787878787877,0
krum,6,0.0,1,0,10,0,10,10,6,minmax,True,circles,"[[0, 0], [0, 0]]",10,31,0.49727272727272726,0
krum,6,0.0,1,0,10,0,10,10,6,minmax,True,circles,"[[0, 0], [0, 0]]",10,32,0.4996969696969697,0
krum,6,0.0,1,0,10,0,10,10,6,minmax,True,circles,"[[0, 0], [0, 0]]",10,33,0.5,0
krum,6,0.0,1,0,10,0,10,10,6,minmax,True,circles,"[[0, 0], [0, 0]]",10,34,0.49696969696969695,0
krum,6,0.0,1,0,10,0,10,10,6,minmax,True,circles,"[[0, 0], [0, 0]]",10,35,0.4890909090909091,0
krum,6,0.0,1,0,10,0,10,10,6,minmax,True,circles,"[[0, 0], [0, 0]]",10,36,0.49727272727272726,0
krum,6,0.0,1,0,10,0,10,10,6,minmax,True,circles,"[[0, 0], [0, 0]]",10,37,0.5045454545454545,0
krum,6,0.0,1,0,10,0,10,10,6,minmax,True,circles,"[[0, 0], [0, 0]]",10,38,0.49696969696969695,0
krum,6,0.0,1,0,10,0,10,10,6,minmax,True,circles,"[[0, 0], [0, 0]]",10,39,0.4890909090909091,0
krum,6,0.0,1,0,10,0,10,10,6,minmax,True,circles,"[[0, 0], [0, 0]]",10,40,0.5093939393939394,0
krum,6,0.0,1,0,10,0,10,10,6,minmax,True,circles,"[[0, 0], [0, 0]]",10,41,0.5036363636363637,0
krum,6,0.0,1,0,10,0,10,10,6,minmax,True,circles,"[[0, 0], [0, 0]]",10,42,0.5048484848484849,0
krum,6,0.0,1,0,10,0,10,10,6,minmax,True,circles,"[[0, 0], [0, 0]]",10,43,0.49606060606060604,0
krum,6,0.0,1,0,10,0,10,10,6,minmax,True,circles,"[[0, 0], [0, 0]]",10,44,0.49818181818181817,0
krum,6,0.0,1,0,10,0,10,10,6,minmax,True,circles,"[[0, 0], [0, 0]]",10,45,0.49757575757575756,0
krum,6,0.0,1,0,10,0,10,10,6,minmax,True,circles,"[[0, 0], [0, 0]]",10,46,0.5018181818181818,0
krum,6,0.0,1,0,10,0,10,10,6,minmax,True,circles,"[[0, 0], [0, 0]]",10,47,0.4909090909090909,0
krum,6,0.0,1,0,10,0,10,10,6,minmax,True,circles,"[[0, 0], [0, 0]]",10,48,0.5063636363636363,0
krum,6,0.0,1,0,10,0,10,10,6,minmax,True,circles,"[[0, 0], [0, 0]]",10,49,0.5039393939393939,0
krum,6,0.0,1,0,10,0,10,10,6,minmax,True,circles,"[[0, 0], [0, 0]]",10,50,0.4993939393939394,0
krum,6,0.0,1,0,10,0,10,1,0,minmax,True,circles,"[[0, 0], [0, 0]]",10,0,0.5154545454545455,0
krum,6,0.0,1,0,10,0,10,10,6,minmax,True,circles,"[[0, 0], [0, 0]]",10,1,0.5536363636363636,0
krum,6,0.0,1,0,10,0,10,10,6,minmax,True,circles,"[[0, 0], [0, 0]]",10,2,0.7545454545454545,0
krum,6,0.0,1,0,10,0,10,10,6,minmax,True,circles,"[[0, 0], [0, 0]]",10,3,0.8836363636363637,0
krum,6,0.0,1,0,10,0,10,10,6,minmax,True,circles,"[[0, 0], [0, 0]]",10,4,0.9066666666666666,0
krum,6,0.0,1,0,10,0,10,10,6,minmax,True,circles,"[[0, 0], [0, 0]]",10,5,0.9312121212121212,0
krum,6,0.0,1,0,10,0,10,10,6,minmax,True,circles,"[[0, 0], [0, 0]]",10,6,0.9545454545454546,0
krum,6,0.0,1,0,10,0,10,10,6,minmax,True,circles,"[[0, 0], [0, 0]]",10,7,0.9627272727272728,0
krum,6,0.0,1,0,10,0,10,10,6,minmax,True,circles,"[[0, 0], [0, 0]]",10,8,0.9687878787878788,0
krum,6,0.0,1,0,10,0,10,10,6,minmax,True,circles,"[[0, 0], [0, 0]]",10,9,0.9681818181818181,0
krum,6,0.0,1,0,10,0,10,10,6,minmax,True,circles,"[[0, 0], [0, 0]]",10,10,0.9718181818181818,0
krum,6,0.0,1,0,10,0,10,10,6,minmax,True,circles,"[[0, 0], [0, 0]]",10,11,0.9724242424242424,0
krum,6,0.0,1,0,10,0,10,10,6,minmax,True,circles,"[[0, 0], [0, 0]]",10,12,0.9772727272727273,0
krum,6,0.0,1,0,10,0,10,10,6,minmax,True,circles,"[[0, 0], [0, 0]]",10,13,0.946969696969697,0
krum,6,0.0,1,0,10,0,10,10,6,minmax,True,circles,"[[0, 0], [0, 0]]",10,14,0.963939393939394,0
krum,6,0.0,1,0,10,0,10,1,0,minmax,True,circles,"[[0, 0], [0, 0]]",10,0,0.5333333333333333,0
krum,6,0.0,1,0,10,0,10,10,6,minmax,True,circles,"[[0, 0], [0, 0]]",10,1,0.6281818181818182,0
krum,6,0.0,1,0,10,0,10,10,6,minmax,True,circles,"[[0, 0], [0, 0]]",10,2,0.7560606060606061,0
krum,6,0.0,1,0,10,0,10,10,6,minmax,True,circles,"[[0, 0], [0, 0]]",10,3,0.8184848484848485,0
krum,6,0.0,1,0,10,0,10,10,6,minmax,True,circles,"[[0, 0], [0, 0]]",10,4,0.866969696969697,0
krum,6,0.0,1,0,10,0,10,10,6,minmax,True,circles,"[[0, 0], [0, 0]]",10,5,0.9030303030303031,0
krum,6,0.0,1,0,10,0,10,10,6,minmax,True,circles,"[[0, 0], [0, 0]]",10,6,0.9148484848484848,0
krum,6,0.0,1,0,10,0,10,10,6,minmax,True,circles,"[[0, 0], [0, 0]]",10,7,0.9215151515151515,0
krum,6,0.0,1,0,10,0,10,10,6,minmax,True,circles,"[[0, 0], [0, 0]]",10,8,0.95,0
krum,6,0.0,1,0,10,0,10,10,6,minmax,True,circles,"[[0, 0], [0, 0]]",10,9,0.9566666666666667,0
krum,6,0.0,1,0,10,0,10,10,6,minmax,True,circles,"[[0, 0], [0, 0]]",10,10,0.9572727272727273,0
krum,6,0.0,1,0,10,0,10,10,6,minmax,True,circles,"[[0, 0], [0, 0]]",10,11,0.9621212121212122,0
krum,6,0.0,1,0,10,0,10,10,6,minmax,True,circles,"[[0, 0], [0, 0]]",10,12,0.9660606060606061,0
krum,6,0.0,1,0,10,0,10,10,6,minmax,True,circles,"[[0, 0], [0, 0]]",10,13,0.8933333333333333,0
krum,6,0.0,1,0,10,0,10,10,6,minmax,True,circles,"[[0, 0], [0, 0]]",10,14,0.946060606060606,0
krum,6,0.0,1,0,10,0,10,1,0,minmax,True,circles,"[[0, 0], [0, 0]]",10,0,0.5254545454545455,0
krum,6,0.0,1,0,10,0,10,10,6,minmax,True,circles,"[[0, 0], [0, 0]]",10,1,0.5384848484848485,0
krum,6,0.0,1,0,10,0,10,10,6,minmax,True,circles,"[[0, 0], [0, 0]]",10,2,0.7148484848484848,0
krum,6,0.0,1,0,10,0,10,10,6,minmax,True,circles,"[[0, 0], [0, 0]]",10,3,0.6778787878787879,0
krum,6,0.0,1,0,10,0,10,10,6,minmax,True,circles,"[[0, 0], [0, 0]]",10,4,0.7957575757575758,0
krum,6,0.0,1,0,10,0,10,10,6,minmax,True,circles,"[[0, 0], [0, 0]]",10,5,0.8512121212121212,0
krum,6,0.0,1,0,10,0,10,10,6,minmax,True,circles,"[[0, 0], [0, 0]]",10,6,0.9245454545454546,0
krum,6,0.0,1,0,10,0,10,10,6,minmax,True,circles,"[[0, 0], [0, 0]]",10,7,0.9518181818181818,0
krum,6,0.0,1,0,10,0,10,10,6,minmax,True,circles,"[[0, 0], [0, 0]]",10,8,0.9521212121212121,0
krum,6,0.0,1,0,10,0,10,10,6,minmax,True,circles,"[[0, 0], [0, 0]]",10,9,0.9551515151515152,0
krum,6,0.0,1,0,10,0,10,10,6,minmax,True,circles,"[[0, 0], [0, 0]]",10,10,0.9478787878787879,0
krum,6,0.0,1,0,10,0,10,10,6,minmax,True,circles,"[[0, 0], [0, 0]]",10,11,0.9678787878787879,0
krum,6,0.0,1,0,10,0,10,10,6,minmax,True,circles,"[[0, 0], [0, 0]]",10,12,0.9690909090909091,0
krum,6,0.0,1,0,10,0,10,10,6,minmax,True,circles,"[[0, 0], [0, 0]]",10,13,0.8057575757575758,0
krum,6,0.0,1,0,10,0,10,1,0,minmax,True,circles,"[[0, 0], [0, 0]]",10,0,0.5087878787878788,0
krum,6,0.0,1,0,10,0,10,10,6,minmax,True,circles,"[[0, 0], [0, 0]]",10,1,0.6793939393939394,0
krum,6,0.0,1,0,10,0,10,10,6,minmax,True,circles,"[[0, 0], [0, 0]]",10,2,0.8524242424242424,0
krum,6,0.0,1,0,10,0,10,10,6,minmax,True,circles,"[[0, 0], [0, 0]]",10,3,0.9057575757575758,0
krum,6,0.0,1,0,10,0,10,10,6,minmax,True,circles,"[[0, 0], [0, 0]]",10,4,0.923939393939394,0
krum,6,0.0,1,0,10,0,10,10,6,minmax,True,circles,"[[0, 0], [0, 0]]",10,5,0.9415151515151515,0
krum,6,0.0,1,0,10,0,10,10,6,minmax,True,circles,"[[0, 0], [0, 0]]",10,6,0.9581818181818181,0
krum,6,0.0,1,0,10,0,10,10,6,minmax,True,circles,"[[0, 0], [0, 0]]",10,7,0.9633333333333334,0
krum,6,0.0,1,0,10,0,10,10,6,minmax,True,circles,"[[0, 0], [0, 0]]",10,8,0.9545454545454546,0
krum,6,0.0,1,0,10,0,10,10,6,minmax,True,circles,"[[0, 0], [0, 0]]",10,9,0.9678787878787879,0
krum,6,0.0,1,0,10,0,10,10,6,minmax,True,circles,"[[0, 0], [0, 0]]",10,10,0.9669696969696969,0
krum,6,0.0,1,0,10,0,10,10,6,minmax,True,circles,"[[0, 0], [0, 0]]",10,11,0.9675757575757575,0
krum,6,0.0,1,0,10,0,10,10,6,minmax,True,circles,"[[0, 0], [0, 0]]",10,12,0.9712121212121212,0
krum,6,0.0,1,0,10,0,10,10,6,minmax,True,circles,"[[0, 0], [0, 0]]",10,13,0.850909090909091,0
krum,6,0.0,1,0,10,0,10,10,6,minmax,True,circles,"[[0, 0], [0, 0]]",10,14,0.8724242424242424,0
krum,6,0.0,1,0,10,0,10,10,6,minmax,True,circles,"[[0, 0], [0, 0]]",10,15,0.953030303030303,0
krum,6,0.0,1,0,10,0,10,10,6,minmax,True,circles,"[[0, 0], [0, 0]]",10,16,0.6706060606060606,0
krum,6,0.0,1,0,10,0,10,10,6,minmax,True,circles,"[[0, 0], [0, 0]]",10,17,0.9545454545454546,0
krum,6,0.0,1,0,10,0,10,10,6,minmax,True,circles,"[[0, 0], [0, 0]]",10,18,0.5824242424242424,0
krum,6,0.0,1,0,10,0,10,10,6,minmax,True,circles,"[[0, 0], [0, 0]]",10,19,0.6496969696969697,0
krum,6,0.0,1,0,10,0,10,1,0,minmax,True,circles,"[[0, 0], [0, 0]]",10,0,0.4921212121212121,0
krum,6,0.0,1,0,10,0,10,10,6,minmax,True,circles,"[[0, 0], [0, 0]]",10,1,0.6915151515151515,0
krum,6,0.0,1,0,10,0,10,10,6,minmax,True,circles,"[[0, 0], [0, 0]]",10,2,0.8715151515151515,0
krum,6,0.0,1,0,10,0,10,10,6,minmax,True,circles,"[[0, 0], [0, 0]]",10,3,0.9396969696969697,0
krum,6,0.0,1,0,10,0,10,10,6,minmax,True,circles,"[[0, 0], [0, 0]]",10,4,0.9436363636363636,0
krum,6,0.0,1,0,10,0,10,10,6,minmax,True,circles,"[[0, 0], [0, 0]]",10,5,0.9478787878787879,0
krum,6,0.0,1,0,10,0,10,10,6,minmax,True,circles,"[[0, 0], [0, 0]]",10,6,0.9581818181818181,0
krum,6,0.0,1,0,10,0,10,10,6,minmax,True,circles,"[[0, 0], [0, 0]]",10,7,0.9627272727272728,0
krum,6,0.0,1,0,10,0,10,10,6,minmax,True,circles,"[[0, 0], [0, 0]]",10,8,0.9524242424242424,0
krum,6,0.0,1,0,10,0,10,10,6,minmax,True,circles,"[[0, 0], [0, 0]]",10,9,0.963030303030303,0
krum,6,0.0,1,0,10,0,10,10,6,minmax,True,circles,"[[0, 0], [0, 0]]",10,10,0.9618181818181818,0
krum,6,0.0,1,0,10,0,10,10,6,minmax,True,circles,"[[0, 0], [0, 0]]",10,11,0.9724242424242424,0
krum,6,0.0,1,0,10,0,10,10,6,minmax,True,circles,"[[0, 0], [0, 0]]",10,12,0.97,0
krum,6,0.0,1,0,10,0,10,10,6,minmax,True,circles,"[[0, 0], [0, 0]]",10,13,0.9754545454545455,0
krum,6,0.0,1,0,10,0,10,1,0,minmax,True,circles,"[[0, 0], [0, 0]]",10,0,0.5021212121212121,0
krum,6,0.0,1,0,10,0,10,10,6,minmax,True,circles,"[[0, 0], [0, 0]]",10,1,0.5827272727272728,0
krum,6,0.0,1,0,10,0,10,10,6,minmax,True,circles,"[[0, 0], [0, 0]]",10,2,0.6027272727272728,0
krum,6,0.0,1,0,10,0,10,10,6,minmax,True,circles,"[[0, 0], [0, 0]]",10,3,0.6927272727272727,0
krum,6,0.0,1,0,10,0,10,10,6,minmax,True,circles,"[[0, 0], [0, 0]]",10,4,0.8942424242424243,0
krum,6,0.0,1,0,10,0,10,10,6,minmax,True,circles,"[[0, 0], [0, 0]]",10,5,0.9424242424242424,0
krum,6,0.0,1,0,10,0,10,10,6,minmax,True,circles,"[[0, 0], [0, 0]]",10,6,0.9545454545454546,0
krum,6,0.0,1,0,10,0,10,10,6,minmax,True,circles,"[[0, 0], [0, 0]]",10,7,0.9496969696969697,0
krum,6,0.0,1,0,10,0,10,10,6,minmax,True,circles,"[[0, 0], [0, 0]]",10,8,0.9436363636363636,0
krum,6,0.0,1,0,10,0,10,10,6,minmax,True,circles,"[[0, 0], [0, 0]]",10,9,0.963939393939394,0
krum,6,0.0,1,0,10,0,10,10,6,minmax,True,circles,"[[0, 0], [0, 0]]",10,10,0.9603030303030303,0
krum,6,0.0,1,0,10,0,10,10,6,minmax,True,circles,"[[0, 0], [0, 0]]",10,11,0.9693939393939394,0
krum,6,0.0,1,0,10,0,10,10,6,minmax,True,circles,"[[0, 0], [0, 0]]",10,12,0.9712121212121212,0
krum,6,0.0,1,0,10,0,10,10,6,minmax,True,circles,"[[0, 0], [0, 0]]",10,13,0.9703030303030303,0
krum,6,0.0,1,0,10,0,10,10,6,minmax,True,circles,"[[0, 0], [0, 0]]",10,14,0.9715151515151516,0
krum,6,0.0,1,0,10,0,10,10,6,minmax,True,circles,"[[0, 0], [0, 0]]",10,15,0.9757575757575757,0
krum,6,0.0,1,0,10,0,10,10,6,minmax,True,circles,"[[0, 0], [0, 0]]",10,16,0.9772727272727273,0
krum,6,0.0,1,0,10,0,10,10,6,minmax,True,circles,"[[0, 0], [0, 0]]",10,17,0.9733333333333334,0
krum,6,0.0,1,0,10,0,10,10,6,minmax,True,circles,"[[0, 0], [0, 0]]",10,18,0.9712121212121212,0
krum,6,0.0,1,0,10,0,10,10,6,minmax,True,circles,"[[0, 0], [0, 0]]",10,19,0.9745454545454545,0
krum,6,0.0,1,0,10,0,10,10,6,minmax,True,circles,"[[0, 0], [0, 0]]",10,20,0.9769696969696969,0
krum,6,0.0,1,0,10,0,10,10,6,minmax,True,circles,"[[0, 0], [0, 0]]",10,21,0.9760606060606061,0
krum,6,0.0,1,0,10,0,10,10,6,minmax,True,circles,"[[0, 0], [0, 0]]",10,22,0.9766666666666667,0
krum,6,0.0,1,0,10,0,10,10,6,minmax,True,circles,"[[0, 0], [0, 0]]",10,23,0.9751515151515151,0
krum,6,0.0,1,0,10,0,10,10,6,minmax,True,circles,"[[0, 0], [0, 0]]",10,24,0.9733333333333334,0
krum,6,0.0,1,0,10,0,10,10,6,minmax,True,circles,"[[0, 0], [0, 0]]",10,25,0.9769696969696969,0
krum,6,0.0,1,0,10,0,10,10,6,minmax,True,circles,"[[0, 0], [0, 0]]",10,26,0.9727272727272728,0
krum,6,0.0,1,0,10,0,10,10,6,minmax,True,circles,"[[0, 0], [0, 0]]",10,27,0.9760606060606061,0
krum,6,0.0,1,0,10,0,10,10,6,minmax,True,circles,"[[0, 0], [0, 0]]",10,28,0.9772727272727273,0
krum,6,0.0,1,0,10,0,10,10,6,minmax,True,circles,"[[0, 0], [0, 0]]",10,29,0.9818181818181818,0
krum,6,0.0,1,0,10,0,10,10,6,minmax,True,circles,"[[0, 0], [0, 0]]",10,30,0.9772727272727273,0
krum,6,0.0,1,0,10,0,10,10,6,minmax,True,circles,"[[0, 0], [0, 0]]",10,31,0.9751515151515151,0
krum,6,0.0,1,0,10,0,10,10,6,minmax,True,circles,"[[0, 0], [0, 0]]",10,32,0.9790909090909091,0
krum,6,0.0,1,0,10,0,10,10,6,minmax,True,circles,"[[0, 0], [0, 0]]",10,33,0.9742424242424242,0
krum,6,0.0,1,0,10,0,10,10,6,minmax,True,circles,"[[0, 0], [0, 0]]",10,34,0.9766666666666667,0
krum,6,0.0,1,0,10,0,10,10,6,minmax,True,circles,"[[0, 0], [0, 0]]",10,35,0.9769696969696969,0
krum,6,0.0,1,0,10,0,10,10,6,minmax,True,circles,"[[0, 0], [0, 0]]",10,36,0.9790909090909091,0
krum,6,0.0,1,0,10,0,10,10,6,minmax,True,circles,"[[0, 0], [0, 0]]",10,37,0.9766666666666667,0
krum,6,0.0,1,0,10,0,10,10,6,minmax,True,circles,"[[0, 0], [0, 0]]",10,38,0.9760606060606061,0
krum,6,0.0,1,0,10,0,10,10,6,minmax,True,circles,"[[0, 0], [0, 0]]",10,39,0.9751515151515151,0
krum,6,0.0,1,0,10,0,10,10,6,minmax,True,circles,"[[0, 0], [0, 0]]",10,40,0.9760606060606061,0
krum,6,0.0,1,0,10,0,10,1,0,minmax,True,circles,"[[0, 0], [0, 0]]",10,0,0.413030303030303,0
krum,6,0.0,1,0,10,0,10,10,6,minmax,True,circles,"[[0, 0], [0, 0]]",10,1,0.5818181818181818,0
krum,6,0.0,1,0,10,0,10,10,6,minmax,True,circles,"[[0, 0], [0, 0]]",10,2,0.7575757575757576,0
krum,6,0.0,1,0,10,0,10,10,6,minmax,True,circles,"[[0, 0], [0, 0]]",10,3,0.7848484848484848,0
krum,6,0.0,1,0,10,0,10,10,6,minmax,True,circles,"[[0, 0], [0, 0]]",10,4,0.8918181818181818,0
krum,6,0.0,1,0,10,0,10,10,6,minmax,True,circles,"[[0, 0], [0, 0]]",10,5,0.9118181818181819,0
krum,6,0.0,1,0,10,0,10,10,6,minmax,True,circles,"[[0, 0], [0, 0]]",10,6,0.9393939393939394,0
krum,6,0.0,1,0,10,0,10,10,6,minmax,True,circles,"[[0, 0], [0, 0]]",10,7,0.9693939393939394,0
krum,6,0.0,1,0,10,0,10,10,6,minmax,True,circles,"[[0, 0], [0, 0]]",10,8,0.9648484848484848,0
krum,6,0.0,1,0,10,0,10,10,6,minmax,True,circles,"[[0, 0], [0, 0]]",10,9,0.9569696969696969,0
krum,6,0.0,1,0,10,0,10,10,6,minmax,True,circles,"[[0, 0], [0, 0]]",10,10,0.9648484848484848,0
krum,6,0.0,1,0,10,0,10,10,6,minmax,True,circles,"[[0, 0], [0, 0]]",10,11,0.9736363636363636,0
krum,6,0.0,1,0,10,0,10,10,6,minmax,True,circles,"[[0, 0], [0, 0]]",10,12,0.9727272727272728,0
krum,6,0.0,1,0,10,0,10,10,6,minmax,True,circles,"[[0, 0], [0, 0]]",10,13,0.9681818181818181,0
krum,6,0.0,1,0,10,0,10,10,6,minmax,True,circles,"[[0, 0], [0, 0]]",10,14,0.9748484848484849,0
krum,6,0.0,1,0,10,0,10,10,6,minmax,True,circles,"[[0, 0], [0, 0]]",10,15,0.9721212121212122,0
krum,6,0.0,1,0,10,0,10,10,6,minmax,True,circles,"[[0, 0], [0, 0]]",10,16,0.9754545454545455,0
krum,6,0.0,1,0,10,0,10,10,6,minmax,True,circles,"[[0, 0], [0, 0]]",10,17,0.9757575757575757,0
krum,6,0.0,1,0,10,0,10,10,6,minmax,True,circles,"[[0, 0], [0, 0]]",10,18,0.9712121212121212,0
krum,6,0.0,1,0,10,0,10,10,6,minmax,True,circles,"[[0, 0], [0, 0]]",10,19,0.9760606060606061,0
krum,6,0.0,1,0,10,0,10,10,6,minmax,True,circles,"[[0, 0], [0, 0]]",10,20,0.9709090909090909,0
krum,6,0.0,1,0,10,0,10,10,6,minmax,True,circles,"[[0, 0], [0, 0]]",10,21,0.9781818181818182,0
krum,6,0.0,1,0,10,0,10,1,0,minmax,True,circles,"[[0, 0], [0, 0]]",1,0,0.4906060606060606,0
krum,6,0.0,1,0,10,0,10,10,6,minmax,True,circles,"[[0, 0], [0, 0]]",1,1,0.6881818181818182,0
krum,6,0.0,1,0,10,0,10,10,6,minmax,True,circles,"[[0, 0], [0, 0]]",1,2,0.7993939393939394,0
krum,6,0.0,1,0,10,0,10,10,6,minmax,True,circles,"[[0, 0], [0, 0]]",1,3,0.8757575757575757,0
krum,6,0.0,1,0,10,0,10,10,6,minmax,True,circles,"[[0, 0], [0, 0]]",1,4,0.6733333333333333,0
krum,6,0.0,1,0,10,0,10,10,6,minmax,True,circles,"[[0, 0], [0, 0]]",1,5,0.753030303030303,0
krum,6,0.0,1,0,10,0,10,10,6,minmax,True,circles,"[[0, 0], [0, 0]]",1,6,0.5348484848484848,0
krum,6,0.0,1,0,10,0,10,10,6,minmax,True,circles,"[[0, 0], [0, 0]]",1,7,0.49636363636363634,0
krum,6,0.0,1,0,10,0,10,1,0,minmax,True,circles,"[[0, 0], [0, 0]]",1,0,0.583030303030303,0
krum,6,0.0,1,0,10,0,10,10,6,minmax,True,circles,"[[0, 0], [0, 0]]",1,1,0.6845454545454546,0
krum,6,0.0,1,0,10,0,10,10,6,minmax,True,circles,"[[0, 0], [0, 0]]",1,2,0.8145454545454546,0
krum,6,0.0,1,0,10,0,10,10,6,minmax,True,circles,"[[0, 0], [0, 0]]",1,3,0.9139393939393939,0
krum,6,0.0,1,0,10,0,10,10,6,minmax,True,circles,"[[0, 0], [0, 0]]",1,4,0.8354545454545454,0
krum,6,0.0,1,0,10,0,10,10,6,minmax,True,circles,"[[0, 0], [0, 0]]",1,5,0.5442424242424242,0
krum,6,0.0,1,0,10,0,10,10,6,minmax,True,circles,"[[0, 0], [0, 0]]",1,6,0.7009090909090909,0
krum,6,0.0,1,0,10,0,10,10,6,minmax,True,circles,"[[0, 0], [0, 0]]",1,7,0.6893939393939394,0
krum,6,0.0,1,0,10,0,10,10,6,minmax,True,circles,"[[0, 0], [0, 0]]",1,8,0.7054545454545454,0
krum,6,0.0,1,0,10,0,10,10,6,minmax,True,circles,"[[0, 0], [0, 0]]",1,9,0.7412121212121212,0
krum,6,0.0,1,0,10,0,10,10,6,minmax,True,circles,"[[0, 0], [0, 0]]",1,10,0.7342424242424243,0
krum,6,0.0,1,0,10,0,10,10,6,minmax,True,circles,"[[0, 0], [0, 0]]",1,11,0.743030303030303,0
krum,6,0.0,1,0,10,0,10,10,6,minmax,True,circles,"[[0, 0], [0, 0]]",1,12,0.7503030303030302,0
krum,6,0.0,1,0,10,0,10,10,6,minmax,True,circles,"[[0, 0], [0, 0]]",1,13,0.7642424242424243,0
krum,6,0.0,1,0,10,0,10,10,6,minmax,True,circles,"[[0, 0], [0, 0]]",1,14,0.7384848484848485,0
krum,6,0.0,1,0,10,0,10,10,6,minmax,True,circles,"[[0, 0], [0, 0]]",1,15,0.7372727272727273,0
krum,6,0.0,1,0,10,0,10,10,6,minmax,True,circles,"[[0, 0], [0, 0]]",1,16,0.7148484848484848,0
krum,6,0.0,1,0,10,0,10,10,6,minmax,True,circles,"[[0, 0], [0, 0]]",1,17,0.8036363636363636,0
krum,6,0.0,1,0,10,0,10,10,6,minmax,True,circles,"[[0, 0], [0, 0]]",1,18,0.8163636363636364,0
krum,6,0.0,1,0,10,0,10,10,6,minmax,True,circles,"[[0, 0], [0, 0]]",1,19,0.7242424242424242,0
krum,6,0.0,1,0,10,0,10,10,6,minmax,True,circles,"[[0, 0], [0, 0]]",1,20,0.8148484848484848,0
krum,6,0.0,1,0,10,0,10,10,6,minmax,True,circles,"[[0, 0], [0, 0]]",1,21,0.7236363636363636,0
krum,6,0.0,1,0,10,0,10,10,6,minmax,True,circles,"[[0, 0], [0, 0]]",1,22,0.8121212121212121,0
krum,6,0.0,1,0,10,0,10,10,6,minmax,True,circles,"[[0, 0], [0, 0]]",1,23,0.7521212121212121,0
krum,6,0.0,1,0,10,0,10,10,6,minmax,True,circles,"[[0, 0], [0, 0]]",1,24,0.82,0
krum,6,0.0,1,0,10,0,10,10,6,minmax,True,circles,"[[0, 0], [0, 0]]",1,25,0.8196969696969697,0
krum,6,0.0,1,0,10,0,10,10,6,minmax,True,circles,"[[0, 0], [0, 0]]",1,26,0.7315151515151516,0
krum,6,0.0,1,0,10,0,10,10,6,minmax,True,circles,"[[0, 0], [0, 0]]",1,27,0.8181818181818182,0
krum,6,0.0,1,0,10,0,10,10,6,minmax,True,circles,"[[0, 0], [0, 0]]",1,28,0.8242424242424242,0
krum,6,0.0,1,0,10,0,10,10,6,minmax,True,circles,"[[0, 0], [0, 0]]",1,29,0.8409090909090909,0
krum,6,0.0,1,0,10,0,10,10,6,minmax,True,circles,"[[0, 0], [0, 0]]",1,30,0.7709090909090909,0
krum,6,0.0,1,0,10,0,10,10,6,minmax,True,circles,"[[0, 0], [0, 0]]",1,31,0.8263636363636364,0
krum,6,0.0,1,0,10,0,10,10,6,minmax,True,circles,"[[0, 0], [0, 0]]",1,32,0.8296969696969697,0
krum,6,0.0,1,0,10,0,10,10,6,minmax,True,circles,"[[0, 0], [0, 0]]",1,33,0.7742424242424243,0
krum,6,0.0,1,0,10,0,10,10,6,minmax,True,circles,"[[0, 0], [0, 0]]",1,34,0.503030303030303,0
krum,6,0.0,1,0,10,0,10,10,6,minmax,True,circles,"[[0, 0], [0, 0]]",1,35,0.5109090909090909,0
krum,6,0.0,1,0,10,0,10,10,6,minmax,True,circles,"[[0, 0], [0, 0]]",1,36,0.5027272727272727,0
krum,6,0.0,1,0,10,0,10,10,6,minmax,True,circles,"[[0, 0], [0, 0]]",1,37,0.4954545454545455,0
krum,6,0.0,1,0,10,0,10,10,6,minmax,True,circles,"[[0, 0], [0, 0]]",1,38,0.503030303030303,0
krum,6,0.0,1,0,10,0,10,10,6,minmax,True,circles,"[[0, 0], [0, 0]]",1,39,0.5109090909090909,0
krum,6,0.0,1,0,10,0,10,1,0,minmax,True,circles,"[[0, 0], [0, 0]]",1,0,0.48454545454545456,0
krum,6,0.0,1,0,10,0,10,10,6,minmax,True,circles,"[[0, 0], [0, 0]]",1,1,0.5648484848484848,0
krum,6,0.0,1,0,10,0,10,10,6,minmax,True,circles,"[[0, 0], [0, 0]]",1,2,0.6545454545454545,0
krum,6,0.0,1,0,10,0,10,10,6,minmax,True,circles,"[[0, 0], [0, 0]]",1,3,0.8275757575757576,0
krum,6,0.0,1,0,10,0,10,10,6,minmax,True,circles,"[[0, 0], [0, 0]]",1,4,0.9148484848484848,0
krum,6,0.0,1,0,10,0,10,10,6,minmax,True,circles,"[[0, 0], [0, 0]]",1,5,0.7506060606060606,0
krum,6,0.0,1,0,10,0,10,10,6,minmax,True,circles,"[[0, 0], [0, 0]]",1,6,0.7884848484848485,0
krum,6,0.0,1,0,10,0,10,10,6,minmax,True,circles,"[[0, 0], [0, 0]]",1,7,0.5036363636363637,0
krum,6,0.0,1,0,10,0,10,10,6,minmax,True,circles,"[[0, 0], [0, 0]]",1,8,0.4866666666666667,0
krum,6,0.0,1,0,10,0,10,10,6,minmax,True,circles,"[[0, 0], [0, 0]]",1,9,0.4984848484848485,0
krum,6,0.0,1,0,10,0,10,10,6,minmax,True,circles,"[[0, 0], [0, 0]]",1,10,0.5027272727272727,0
krum,6,0.0,1,0,10,0,10,10,6,minmax,True,circles,"[[0, 0], [0, 0]]",1,11,0.4987878787878788,0
krum,6,0.0,1,0,10,0,10,10,6,minmax,True,circles,"[[0, 0], [0, 0]]",1,12,0.5109090909090909,0
krum,6,0.0,1,0,10,0,10,10,6,minmax,True,circles,"[[0, 0], [0, 0]]",1,13,0.5084848484848485,0
krum,6,0.0,1,0,10,0,10,10,6,minmax,True,circles,"[[0, 0], [0, 0]]",1,14,0.4921212121212121,0
krum,6,0.0,1,0,10,0,10,10,6,minmax,True,circles,"[[0, 0], [0, 0]]",1,15,0.506969696969697,0
krum,6,0.0,1,0,10,0,10,10,6,minmax,True,circles,"[[0, 0], [0, 0]]",1,16,0.4996969696969697,0
krum,6,0.0,1,0,10,0,10,10,6,minmax,True,circles,"[[0, 0], [0, 0]]",1,17,0.49242424242424243,0
krum,6,0.0,1,0,10,0,10,1,0,minmax,True,mnist,"[[0, 0], [0, 0]]",1,0,0.500253579312116,0.0979,720.6686389446259
krum,6,0.0,1,0,10,0,10,10,6,minmax,True,mnist,"[[0, 0], [0, 0]]",1,1,0.8905387413111159,0.8043,368.3381768465042
krum,6,0.0,1,0,10,0,10,10,6,minmax,True,mnist,"[[0, 0], [0, 0]]",1,2,0.9428694705365214,0.8978,305.0133248567581
krum,6,0.0,1,0,10,0,10,10,6,minmax,True,mnist,"[[0, 0], [0, 0]]",1,3,0.950583087817613,0.9121,256.15921115875244
krum,6,0.0,1,0,10,0,10,10,6,minmax,True,mnist,"[[0, 0], [0, 0]]",1,4,0.9603272465329551,0.9301,215.58200070261955
krum,6,0.0,1,0,10,0,10,10,6,minmax,True,mnist,"[[0, 0], [0, 0]]",1,5,0.9653071062102114,0.9389,178.08720782399178
krum,6,0.0,1,0,10,0,10,10,6,minmax,True,mnist,"[[0, 0], [0, 0]]",1,6,0.9675800983623664,0.9433,155.5475417971611
krum,6,0.0,1,0,10,0,10,10,6,minmax,True,mnist,"[[0, 0], [0, 0]]",1,7,0.9728948060910201,0.9524,131.4251262396574
krum,6,0.0,1,0,10,0,10,10,6,minmax,True,mnist,"[[0, 0], [0, 0]]",1,8,0.9747958219343428,0.9557,113.98868788778782
krum,6,0.0,1,0,10,0,10,10,6,minmax,True,mnist,"[[0, 0], [0, 0]]",1,9,0.9741802303642727,0.9545,104.06110502034426
krum,6,0.0,1,0,10,0,10,10,6,minmax,True,mnist,"[[0, 0], [0, 0]]",1,10,0.9743809604552254,0.9547,94.6505770161748
krum,6,0.0,1,0,10,0,10,10,6,minmax,True,mnist,"[[0, 0], [0, 0]]",1,11,0.9759014757527827,0.9577,82.95957300812006
krum,6,0.0,1,0,10,0,10,10,6,minmax,True,mnist,"[[0, 0], [0, 0]]",1,12,0.9758520479633486,0.9575,79.32162816822529
krum,6,0.0,1,0,10,0,10,10,6,minmax,True,mnist,"[[0, 0], [0, 0]]",1,13,0.9761854547872723,0.9582,71.71492373198271
krum,6,0.0,1,0,10,0,10,10,6,minmax,True,mnist,"[[0, 0], [0, 0]]",1,14,0.9779329557425749,0.9613,67.29563958570361
krum,6,0.0,1,0,10,0,10,10,6,minmax,True,mnist,"[[0, 0], [0, 0]]",1,15,0.9781195448968779,0.9617,61.711481561884284
krum,6,0.0,1,0,10,0,10,10,6,minmax,True,mnist,"[[0, 0], [0, 0]]",1,16,0.9782714663802585,0.9619,58.25014069490135
krum,6,0.0,1,0,10,0,10,10,6,minmax,True,mnist,"[[0, 0], [0, 0]]",1,17,0.9794808127258291,0.964,55.4527574647218
krum,6,0.0,1,0,10,0,10,10,6,minmax,True,mnist,"[[0, 0], [0, 0]]",1,18,0.9806413047781003,0.966,49.607554976828396
krum,6,0.0,1,0,10,0,10,10,6,minmax,True,mnist,"[[0, 0], [0, 0]]",1,19,0.9802392407963293,0.9654,47.93203418888152
krum,6,0.0,1,0,10,0,10,10,6,minmax,True,mnist,"[[0, 0], [0, 0]]",1,20,0.9809385049284154,0.9664,45.95847824122757
krum,6,0.0,1,0,10,0,10,10,6,minmax,True,mnist,"[[0, 0], [0, 0]]",1,21,0.9824208352296381,0.969,42.45107361022383
krum,6,0.0,1,0,10,0,10,10,6,minmax,True,mnist,"[[0, 0], [0, 0]]",1,22,0.9819155320675443,0.9683,42.2771895295009
krum,6,0.0,1,0,10,0,10,10,6,minmax,True,mnist,"[[0, 0], [0, 0]]",1,23,0.9815541362245248,0.9676,41.105999956373125
krum,6,0.0,1,0,10,0,10,10,6,minmax,True,mnist,"[[0, 0], [0, 0]]",1,24,0.9814049550458464,0.9672,39.687102045398206
krum,6,0.0,1,0,10,0,10,10,6,minmax,True,mnist,"[[0, 0], [0, 0]]",1,25,0.9805084971807683,0.9659,39.270016718422994
krum,6,0.0,1,0,10,0,10,10,6,minmax,True,mnist,"[[0, 0], [0, 0]]",1,26,0.981658845288567,0.9677,37.14192350069061
krum,6,0.0,1,0,10,0,10,10,6,minmax,True,mnist,"[[0, 0], [0, 0]]",1,27,0.9807363599321077,0.9662,36.89614466461353
krum,6,0.0,1,0,10,0,10,10,6,minmax,True,mnist,"[[0, 0], [0, 0]]",1,28,0.9807003946106734,0.9661,36.773724641650915
krum,6,0.0,1,0,10,0,10,10,6,minmax,True,mnist,"[[0, 0], [0, 0]]",1,29,0.9807152927848175,0.9661,35.24822928872891
krum,6,0.0,1,0,10,0,10,10,6,minmax,True,mnist,"[[0, 0], [0, 0]]",1,30,0.9807786960787844,0.9663,34.39355993887875
krum,6,0.0,1,0,10,0,10,10,6,minmax,True,mnist,"[[0, 0], [0, 0]]",1,31,0.9813800046941179,0.9673,33.454364294186234
krum,6,0.0,1,0,10,0,10,10,6,minmax,True,mnist,"[[0, 0], [0, 0]]",1,32,0.9804715918227664,0.9656,34.4723033029004
krum,6,0.0,1,0,10,0,10,10,6,minmax,True,mnist,"[[0, 0], [0, 0]]",1,33,0.9798700723641147,0.9648,34.989292613987345
krum,6,0.0,1,0,10,0,10,10,6,minmax,True,mnist,"[[0, 0], [0, 0]]",1,34,0.980728736252558,0.9663,33.88960734734428
krum,0,0.0,1,0,10,0,10,1,0,minmax,True,mnist,"[[0, 0], [0, 0]]",1,0,0.4967397547021502,0.0887,722.1612980365753
krum,0,0.0,1,0,10,0,10,10,0,minmax,True,mnist,"[[0, 0], [0, 0]]",1,1,0.9009510338599022,0.8247,360.5953776240349
krum,0,0.0,1,0,10,0,10,10,0,minmax,True,mnist,"[[0, 0], [0, 0]]",1,2,0.9200670421249093,0.8557,276.47677662968636
krum,0,0.0,1,0,10,0,10,10,0,minmax,True,mnist,"[[0, 0], [0, 0]]",1,3,0.9318037478132399,0.8759,260.20258858799934
krum,0,0.0,1,0,10,0,10,10,0,minmax,True,mnist,"[[0, 0], [0, 0]]",1,4,0.9565418428190776,0.9214,192.4605357646942
krum,0,0.0,1,0,10,0,10,10,0,minmax,True,mnist,"[[0, 0], [0, 0]]",1,5,0.955142728164604,0.9207,180.06469509005547
krum,0,0.0,1,0,10,0,10,10,0,minmax,True,mnist,"[[0, 0], [0, 0]]",1,6,0.9494062954716662,0.9097,178.0395276248455
krum,0,0.0,1,0,10,0,10,10,0,minmax,True,mnist,"[[0, 0], [0, 0]]",1,7,0.9520643937198539,0.9143,150.13154357671738
krum,0,0.0,1,0,10,0,10,10,0,minmax,True,mnist,"[[0, 0], [0, 0]]",1,8,0.9604258821477549,0.9292,139.38409873843193
krum,0,0.0,1,0,10,0,10,10,0,minmax,True,mnist,"[[0, 0], [0, 0]]",1,9,0.9660732769890936,0.94,127.59081065654755
krum,0,0.0,1,0,10,0,10,10,0,minmax,True,mnist,"[[0, 0], [0, 0]]",1,10,0.9678759895348288,0.9436,93.42856392264366
krum,0,0.0,1,0,10,0,10,10,0,minmax,True,mnist,"[[0, 0], [0, 0]]",1,11,0.9732942909670731,0.9529,91.76047503948212
krum,0,0.0,1,0,10,0,10,10,0,minmax,True,mnist,"[[0, 0], [0, 0]]",1,12,0.9636233952220324,0.9364,104.55643115192652
krum,0,0.0,1,0,10,0,10,10,0,minmax,True,mnist,"[[0, 0], [0, 0]]",1,13,0.9721811626196397,0.9509,85.091183450073
krum,0,0.0,1,0,10,0,10,10,0,minmax,True,mnist,"[[0, 0], [0, 0]]",1,14,0.970388052748097,0.9477,78.78346643969417
krum,0,0.0,1,0,10,0,10,10,0,minmax,True,mnist,"[[0, 0], [0, 0]]",1,15,0.9696736563753694,0.9468,81.70011307299137
krum,0,0.0,1,0,10,0,10,10,0,minmax,True,mnist,"[[0, 0], [0, 0]]",1,16,0.9720751555740025,0.951,76.4567249417305
krum,0,0.0,1,0,10,0,10,10,0,minmax,True,mnist,"[[0, 0], [0, 0]]",1,17,0.9763146177511006,0.9579,64.69218037649989
krum,0,0.0,1,0,10,0,10,10,0,minmax,True,mnist,"[[0, 0], [0, 0]]",1,18,0.9723374698633169,0.9514,69.42765258438885
krum,0,0.0,1,0,10,0,10,10,0,minmax,True,mnist,"[[0, 0], [0, 0]]",1,19,0.9691038934759277,0.9451,68.29347314313054
krum,0,0.0,1,0,10,0,10,10,0,minmax,True,mnist,"[[0, 0], [0, 0]]",1,20,0.9690347300746929,0.9454,68.43898951634765
krum,0,0.0,1,0,10,0,10,10,0,minmax,True,mnist,"[[0, 0], [0, 0]]",1,21,0.9705564307141822,0.9472,66.83198739774525
krum,0,0.0,1,0,10,0,10,10,0,minmax,True,mnist,"[[0, 0], [0, 0]]",1,22,0.9651637065901362,0.9389,69.78848157636821
krum,0,0.0,1,0,10,0,10,10,0,minmax,True,mnist,"[[0, 0], [0, 0]]",1,23,0.9735749207353359,0.9538,53.81992857530713
krum,0,0.0,1,0,10,0,10,1,0,minmax,True,mnist,"[[0, 0], [0, 0]]",9,0,0.5033557756985567,0.1143,720.42116355896
krum,0,0.0,1,0,10,0,10,10,0,minmax,True,mnist,"[[0, 0], [0, 0]]",9,1,0.9191600359625403,0.8546,343.6545163989067
krum,0,0.0,1,0,10,0,10,10,0,minmax,True,mnist,"[[0, 0], [0, 0]]",9,2,0.9315183228256465,0.8771,282.7153698205948
krum,0,0.0,1,0,10,0,10,10,0,minmax,True,mnist,"[[0, 0], [0, 0]]",9,3,0.9414086947712464,0.8969,241.4090896844864
krum,0,0.0,1,0,10,0,10,10,0,minmax,True,mnist,"[[0, 0], [0, 0]]",9,4,0.9486967056929847,0.9073,226.85843977332115
krum,0,0.0,1,0,10,0,10,10,0,minmax,True,mnist,"[[0, 0], [0, 0]]",9,5,0.9609562864697446,0.9307,187.70395943522453
krum,9,0.0,1,0,10,0,10,1,0,minmax,True,mnist,"[[0, 0], [0, 0]]",9,0,0.4980796389267058,0.0879,721.3284735679626
krum,9,0.0,1,0,10,0,10,10,9,minmax,True,mnist,"[[0, 0], [0, 0]]",9,1,0.9293077883039244,0.8745,346.1489083766937
krum,9,0.0,1,0,10,0,10,1,0,minmax,True,mnist,"[[0, 0], [0, 0]]",8,0,0.5253865859326226,0.1432,721.5876557826996
krum,9,0.0,1,0,10,0,10,10,9,minmax,True,mnist,"[[0, 0], [0, 0]]",8,1,0.9355608565733421,0.8849,338.9277294874191
krum,9,0.0,1,0,10,0,10,10,9,minmax,True,mnist,"[[0, 0], [0, 0]]",8,2,0.9520471790518679,0.9157,270.7990212440491
krum,9,0.0,1,0,10,0,10,10,9,minmax,True,mnist,"[[0, 0], [0, 0]]",8,3,0.947835949131056,0.9084,216.181131452322
krum,9,0.0,1,0,10,0,10,10,9,minmax,True,mnist,"[[0, 0], [0, 0]]",8,4,0.9520471126042034,0.915,192.07053780555725
krum,9,0.0,1,0,10,0,10,10,9,minmax,True,mnist,"[[0, 0], [0, 0]]",8,5,0.951603542862876,0.9155,153.11555044353008
krum,9,0.0,1,0,10,0,10,10,9,minmax,True,mnist,"[[0, 0], [0, 0]]",8,6,0.9531207824406355,0.9182,131.90676161646843
krum,9,0.0,1,0,10,0,10,10,9,minmax,True,mnist,"[[0, 0], [0, 0]]",8,7,0.9499482072726726,0.9118,121.48141662031412
krum,9,0.0,1,0,10,0,10,10,9,minmax,True,mnist,"[[0, 0], [0, 0]]",8,8,0.957873528989386,0.9252,98.8459797129035
krum,9,0.0,1,0,10,0,10,10,9,minmax,True,mnist,"[[0, 0], [0, 0]]",8,9,0.9629659460662492,0.9348,111.49420379847288
krum,9,0.0,1,0,10,0,10,10,9,minmax,True,mnist,"[[0, 0], [0, 0]]",8,10,0.9670294390055366,0.9421,101.5495165809989
krum,9,0.0,1,0,10,0,10,10,9,minmax,True,mnist,"[[0, 0], [0, 0]]",8,11,0.9701185413117684,0.9473,90.65469743311405
krum,9,0.0,1,0,10,0,10,10,9,minmax,True,mnist,"[[0, 0], [0, 0]]",8,12,0.9711966480042282,0.9494,82.02117507532239
krum,9,0.0,1,0,10,0,10,10,9,minmax,True,mnist,"[[0, 0], [0, 0]]",8,13,0.9726385261609524,0.9519,77.78092620894313
krum,9,0.0,1,0,10,0,10,10,9,minmax,True,mnist,"[[0, 0], [0, 0]]",8,14,0.9727032205675616,0.952,71.89596947282553
krum,9,0.0,1,0,10,0,10,1,0,minmax,True,mnist,"[[0, 0], [0, 0]]",1,0,0.51179756469121,0.1242,720.7284812927246
krum,9,0.0,1,0,10,0,10,1,0,minmax,True,mnist,"[[0, 0], [0, 0]]",1,0,0.5009426890394779,0.1152,722.0343837738037
krum,9,0.0,1,0,10,0,10,10,9,minmax,True,mnist,"[[0, 0], [0, 0]]",1,1,0.9354881770196934,0.8852,332.87197214365005
krum,9,0.0,1,0,10,0,10,10,9,minmax,True,mnist,"[[0, 0], [0, 0]]",1,2,0.9500972743472935,0.912,278.81078946590424
krum,9,0.0,1,0,10,0,10,10,9,minmax,True,mnist,"[[0, 0], [0, 0]]",1,3,0.9570534807654536,0.9243,236.61946493387222
krum,9,0.0,1,0,10,0,10,10,9,minmax,True,mnist,"[[0, 0], [0, 0]]",1,4,0.9670351595149513,0.9418,194.86474660038948
krum,9,0.0,1,0,10,0,10,10,9,minmax,True,mnist,"[[0, 0], [0, 0]]",1,5,0.9666680506121457,0.9413,167.2787737995386
krum,9,0.0,1,0,10,0,10,10,9,minmax,True,mnist,"[[0, 0], [0, 0]]",1,6,0.9703635355163807,0.948,145.1087838113308
krum,9,0.0,1,0,10,0,10,10,9,minmax,True,mnist,"[[0, 0], [0, 0]]",1,7,0.9699133481624311,0.947,132.29417045414448
krum,9,0.0,1,0,10,0,10,10,9,minmax,True,mnist,"[[0, 0], [0, 0]]",1,8,0.9665577598536919,0.9418,112.80200912803411
krum,9,0.0,1,0,10,0,10,10,9,minmax,True,mnist,"[[0, 0], [0, 0]]",1,9,0.9706513881713024,0.9485,106.39284583181143
krum,9,0.0,1,0,10,0,10,10,9,minmax,True,mnist,"[[0, 0], [0, 0]]",1,10,0.9601806008448314,0.9305,111.85542057454586
krum,9,0.0,1,0,10,0,10,10,9,minmax,True,mnist,"[[0, 0], [0, 0]]",1,11,0.97069996657712,0.9486,94.26624568551779
krum,9,0.0,1,0,10,0,10,10,9,minmax,True,mnist,"[[0, 0], [0, 0]]",1,12,0.9736111907546107,0.9537,81.77978789061308
krum,9,0.0,1,0,10,0,10,10,9,minmax,True,mnist,"[[0, 0], [0, 0]]",1,13,0.9717565488892257,0.9507,77.29235083982348
krum,9,0.0,1,0,10,0,10,10,9,minmax,True,mnist,"[[0, 0], [0, 0]]",1,14,0.9758223011258538,0.9577,67.8768771160394
krum,7,0.0,1,0,10,0,10,1,0,minmax,True,mnist,"[[0, 0], [0, 0]]",1,0,0.4863178592452767,0.0691,721.6750237941742
krum,7,0.0,1,0,10,0,10,10,7,minmax,True,mnist,"[[0, 0], [0, 0]]",1,1,0.9315480338139522,0.8769,357.0128245949745
krum,7,0.0,1,0,10,0,10,10,7,minmax,True,mnist,"[[0, 0], [0, 0]]",1,2,0.9357930527220489,0.8839,295.46972250938416
krum,7,0.0,1,0,10,0,10,10,7,minmax,True,mnist,"[[0, 0], [0, 0]]",1,3,0.9583682887247729,0.9252,242.27996376156807
krum,7,0.0,1,0,10,0,10,1,0,minmax,True,mnist,"[[0, 0], [0, 0]]",1,0,0.5096547015183404,0.1179,721.4324252605438
krum,7,0.0,1,0,10,0,10,10,7,minmax,True,mnist,"[[0, 0], [0, 0]]",1,1,0.9244445298293087,0.8643,342.16862708330154
krum,7,0.0,1,0,10,0,10,10,7,minmax,True,mnist,"[[0, 0], [0, 0]]",1,2,0.9473985446360993,0.9068,288.57520562410355
krum,7,0.0,1,0,10,0,10,10,7,minmax,True,mnist,"[[0, 0], [0, 0]]",1,3,0.9561317968197655,0.9222,238.8801031410694
krum,7,0.0,1,0,10,0,10,10,7,minmax,True,mnist,"[[0, 0], [0, 0]]",1,4,0.9651616478015697,0.9385,199.611104875803
krum,7,0.0,1,0,10,0,10,10,7,minmax,True,mnist,"[[0, 0], [0, 0]]",1,5,0.9667791319685459,0.9413,164.1348942220211
krum,7,0.0,1,0,10,0,10,10,7,minmax,True,mnist,"[[0, 0], [0, 0]]",1,6,0.9708369571357143,0.9486,143.43197859823704
krum,7,0.0,1,0,10,0,10,10,7,minmax,True,mnist,"[[0, 0], [0, 0]]",1,7,0.9722145221787029,0.951,128.74632838368416
krum,7,0.0,1,0,10,0,10,10,7,minmax,True,mnist,"[[0, 0], [0, 0]]",1,8,0.9733202293378428,0.953,109.2851240709424
krum,7,0.0,1,0,10,0,10,10,7,minmax,True,mnist,"[[0, 0], [0, 0]]",1,9,0.97700925776464,0.9596,96.17058252543211
krum,7,0.0,1,0,10,0,10,10,7,minmax,True,mnist,"[[0, 0], [0, 0]]",1,10,0.9753171039009819,0.9565,89.70376573875546
krum,7,0.0,1,0,10,0,10,10,7,minmax,True,mnist,"[[0, 0], [0, 0]]",1,11,0.975681905575415,0.9571,82.03664756193757
krum,7,0.0,1,0,10,0,10,10,7,minmax,True,mnist,"[[0, 0], [0, 0]]",1,12,0.9775750586011556,0.9606,72.15293503180146
krum,4,0.0,1,0,10,0,10,1,0,lie,True,mnist,"[[0, 0], [0, 0]]",1,0,0.5355871599065049,0.1621,720.841748714447
krum,4,0.0,1,0,10,0,10,10,4,lie,True,mnist,"[[0, 0], [0, 0]]",1,1,0.9301773654758282,0.8749,358.4097630381584
krum,4,0.0,1,0,10,0,10,10,4,lie,True,mnist,"[[0, 0], [0, 0]]",1,2,0.928933900508404,0.8732,291.22156834602356
krum,4,0.0,1,0,10,0,10,10,4,lie,True,mnist,"[[0, 0], [0, 0]]",1,3,0.9357226040437734,0.8851,254.66302981972694
krum,4,0.0,1,0,10,0,10,10,4,lie,True,mnist,"[[0, 0], [0, 0]]",1,4,0.9590722232109284,0.9267,221.20533561706543
krum,4,0.0,1,0,10,0,10,10,4,lie,True,mnist,"[[0, 0], [0, 0]]",1,5,0.9366563648894676,0.8881,204.9938915669918
krum,4,0.0,1,0,10,0,10,10,4,lie,True,mnist,"[[0, 0], [0, 0]]",1,6,0.9570684236326474,0.9242,159.385137245059
krum,4,0.0,1,0,10,0,10,10,4,lie,True,mnist,"[[0, 0], [0, 0]]",1,7,0.9680815047591974,0.9436,136.67549787461758
krum,4,0.0,1,0,10,0,10,10,4,lie,True,mnist,"[[0, 0], [0, 0]]",1,8,0.9670583151214153,0.941,143.23448173701763
krum,4,0.0,1,0,10,0,10,10,4,lie,True,mnist,"[[0, 0], [0, 0]]",1,9,0.9656823649406026,0.9386,108.11420407891273
krum,4,0.0,1,0,10,0,10,10,4,lie,True,mnist,"[[0, 0], [0, 0]]",1,10,0.9681703781024937,0.9436,103.88752402365208
krum,4,0.0,1,0,10,0,10,10,4,lie,True,mnist,"[[0, 0], [0, 0]]",1,11,0.9644412822048771,0.9365,99.52656610310078
krum,4,0.0,1,0,10,0,10,10,4,lie,True,mnist,"[[0, 0], [0, 0]]",1,12,0.9622895429116156,0.9335,95.31351797282696
krum,4,0.0,1,0,10,0,10,10,4,lie,True,mnist,"[[0, 0], [0, 0]]",1,13,0.9596090830233477,0.9282,106.52975965291262
krum,4,0.0,1,0,10,0,10,10,4,lie,True,mnist,"[[0, 0], [0, 0]]",1,14,0.9684379670275616,0.9444,76.46629445254803
krum,4,0.0,1,0,10,0,10,10,4,lie,True,mnist,"[[0, 0], [0, 0]]",1,15,0.968153495944186,0.9436,77.20582474954426
krum,4,0.0,1,0,10,0,10,10,4,lie,True,mnist,"[[0, 0], [0, 0]]",1,16,0.9603440310035751,0.9301,86.82881490513682
krum,4,0.0,1,0,10,0,10,10,4,lie,True,mnist,"[[0, 0], [0, 0]]",1,17,0.9640017830404387,0.936,78.22799142822623
krum,4,0.0,1,0,10,0,10,10,4,lie,True,mnist,"[[0, 0], [0, 0]]",1,18,0.9661543023566551,0.9399,74.84151899814606
krum,4,0.0,1,0,10,0,10,10,4,lie,True,mnist,"[[0, 0], [0, 0]]",1,19,0.9698529115237313,0.9468,62.451530375517905
krum,4,0.0,1,0,10,0,10,10,4,lie,True,mnist,"[[0, 0], [0, 0]]",1,20,0.9708089460844243,0.9481,61.925380662083626
krum,4,0.0,1,0,10,0,10,10,4,lie,True,mnist,"[[0, 0], [0, 0]]",1,21,0.974846803764365,0.9559,54.34350421326235
krum,4,0.0,1,0,10,0,10,10,4,lie,True,mnist,"[[0, 0], [0, 0]]",1,22,0.9732170469868743,0.9525,52.15851705055684
krum,4,0.0,1,0,10,0,10,1,0,lie,True,mnist,"[[0, 0], [0, 0]]",1,0,0.5148910091814299,0.1282,722.083099603653
krum,4,0.0,1,0,10,0,10,10,4,lie,True,mnist,"[[0, 0], [0, 0]]",1,1,0.9300403852522543,0.877,307.1788372993469
krum,4,0.0,1,0,10,0,10,10,4,lie,True,mnist,"[[0, 0], [0, 0]]",1,2,0.9555781040555038,0.9199,238.66459304094315
krum,4,0.0,1,0,10,0,10,10,4,lie,True,mnist,"[[0, 0], [0, 0]]",1,3,0.9590994843171794,0.9276,208.7928105890751
krum,4,0.0,1,0,10,0,10,10,4,lie,True,mnist,"[[0, 0], [0, 0]]",1,4,0.9684015366248844,0.944,160.81840197741985
krum,4,0.0,1,0,10,0,10,10,4,lie,True,mnist,"[[0, 0], [0, 0]]",1,5,0.9729632068026465,0.9518,141.8492301106453
krum,4,0.0,1,0,10,0,10,10,4,lie,True,mnist,"[[0, 0], [0, 0]]",1,6,0.9730184547013229,0.9524,109.30736080557108
krum,4,0.0,1,0,10,0,10,10,4,lie,True,mnist,"[[0, 0], [0, 0]]",1,7,0.9735899536016328,0.9528,111.71679902076721
krum,4,0.0,1,0,10,0,10,10,4,lie,True,mnist,"[[0, 0], [0, 0]]",1,8,0.9771315158912168,0.9593,79.49111991748214
krum,4,0.0,1,0,10,0,10,10,4,lie,True,mnist,"[[0, 0], [0, 0]]",1,9,0.9755812158801136,0.9565,76.61494101211429
krum,4,0.0,1,0,10,0,10,10,4,lie,True,mnist,"[[0, 0], [0, 0]]",1,10,0.9790516184831081,0.9628,66.50600193068385
krum,4,0.0,1,0,10,0,10,10,4,lie,True,mnist,"[[0, 0], [0, 0]]",1,11,0.9785520613294579,0.9615,60.69567851908505
krum,4,0.0,1,0,10,0,10,10,4,lie,True,mnist,"[[0, 0], [0, 0]]",1,12,0.9724817172556065,0.9507,58.8263899050653
krum,4,0.0,1,0,10,0,10,10,4,lie,True,mnist,"[[0, 0], [0, 0]]",1,13,0.973957946552269,0.9533,59.79652905650437
krum,4,0.0,1,0,10,0,10,10,4,lie,True,mnist,"[[0, 0], [0, 0]]",1,14,0.9736652467703442,0.9532,59.24937969259918
krum,4,0.0,1,0,10,0,10,10,4,lie,True,mnist,"[[0, 0], [0, 0]]",1,15,0.9730887349311226,0.9521,55.269450353458524
krum,5,0.0,1,0,10,0,10,1,0,minmax,True,mnist,"[[0, 0], [0, 0]]",1,0,0.5042236240192484,0.1094,720.5172352790833
krum,5,0.0,1,0,10,0,10,10,5,minmax,True,mnist,"[[0, 0], [0, 0]]",1,1,0.9177110828272038,0.8548,346.52778136730194
krum,5,0.0,1,0,10,0,10,10,5,minmax,True,mnist,"[[0, 0], [0, 0]]",1,2,0.9338541863010823,0.8832,289.92891973257065
krum,5,0.0,1,0,10,0,10,10,5,minmax,True,mnist,"[[0, 0], [0, 0]]",1,3,0.9521573714272723,0.9156,251.02569714188576
krum,5,0.0,1,0,10,0,10,10,5,minmax,True,mnist,"[[0, 0], [0, 0]]",1,4,0.9595691460692549,0.9287,207.57411190867424
krum,5,0.0,1,0,10,0,10,10,5,minmax,True,mnist,"[[0, 0], [0, 0]]",1,5,0.9649351329943026,0.9381,177.78908155858517
krum,5,0.0,1,0,10,0,10,10,5,minmax,True,mnist,"[[0, 0], [0, 0]]",1,6,0.9664405219490328,0.941,151.02706402540207
krum,5,0.0,1,0,10,0,10,10,5,minmax,True,mnist,"[[0, 0], [0, 0]]",1,7,0.9700616383272633,0.9474,129.66742362082005
krum,5,0.0,1,0,10,0,10,10,5,minmax,True,mnist,"[[0, 0], [0, 0]]",1,8,0.9711619697994591,0.9495,110.70890583842993
krum,5,0.0,1,0,10,0,10,10,5,minmax,True,mnist,"[[0, 0], [0, 0]]",1,9,0.975320682856738,0.9567,95.59076523780823
krum,5,0.0,1,0,10,0,10,10,5,minmax,True,mnist,"[[0, 0], [0, 0]]",1,10,0.9739034243584724,0.9543,86.27966563776135
krum,5,0.0,1,0,10,0,10,10,5,minmax,True,mnist,"[[0, 0], [0, 0]]",1,11,0.9739370524877525,0.9542,78.26214202493429
krum,5,0.0,1,0,10,0,10,10,5,minmax,True,mnist,"[[0, 0], [0, 0]]",1,12,0.975882980668459,0.9576,70.47288839519024
krum,5,0.0,1,0,10,0,10,10,5,minmax,True,mnist,"[[0, 0], [0, 0]]",1,13,0.9759101130680664,0.9578,68.10871133208275
krum,5,0.0,1,0,10,0,10,10,5,minmax,True,mnist,"[[0, 0], [0, 0]]",1,14,0.9773198736060842,0.9602,60.990953808650374
krum,5,0.0,1,0,10,0,10,10,5,minmax,True,mnist,"[[0, 0], [0, 0]]",1,15,0.9778498664656483,0.9611,58.1354407761246
krum,5,0.0,1,0,10,0,10,10,5,minmax,True,mnist,"[[0, 0], [0, 0]]",1,16,0.9775934128907775,0.9607,56.51404345780611
krum,5,0.0,1,0,10,0,10,10,5,minmax,True,mnist,"[[0, 0], [0, 0]]",1,17,0.977952733847034,0.9613,51.479193654842675
bulyan,5,0.0,1,0,10,0,10,1,0,minmax,True,mnist,"[[0, 0], [0, 0]]",1,0,0.49998386349881097,0.0892,720.7744293212891
bulyan,5,0.0,1,0,10,0,10,1,0,minmax,True,mnist,"[[0, 0], [0, 0]]",1,0,0.5015409396180499,0.1055,721.2579300403595
bulyan,5,0.0,1,0,10,0,10,1,0,minmax,True,circles,"[[0, 0], [0, 0]]",1,0,0.4993939393939394,0
bulyan,5,0.0,1,0,10,0,10,1,0,minmax,True,circles,"[[0, 0], [0, 0]]",1,0,0.4912121212121212,0
bulyan,5,0.0,1,0,10,0,10,1,0,minmax,True,circles,"[[0, 0], [0, 0]]",1,0,0.5066666666666667,0
bulyan,5,0.0,1,0,10,0,10,1,0,minmax,True,circles,"[[0, 0], [0, 0]]",1,0,0.5012121212121212,0
bulyan,5,0.0,1,0,10,0,10,1,0,minmax,True,circles,"[[0, 0], [0, 0]]",1,0,0.5042424242424243,0
bulyan,5,0.0,1,0,10,0,10,1,0,minmax,True,circles,"[[0, 0], [0, 0]]",1,0,0.5239393939393939,0
bulyan,5,0.0,1,0,10,0,10,10,5,minmax,True,circles,"[[0, 0], [0, 0]]",1,1,0.5224242424242425,0
bulyan,5,0.0,1,0,10,0,10,10,5,minmax,True,circles,"[[0, 0], [0, 0]]",1,2,0.5306060606060606,0
bulyan,5,0.0,1,0,10,0,10,10,5,minmax,True,circles,"[[0, 0], [0, 0]]",1,3,0.5296969696969697,0
bulyan,5,0.0,1,0,10,0,10,10,5,minmax,True,circles,"[[0, 0], [0, 0]]",1,4,0.5133333333333333,0
bulyan,5,0.0,1,0,10,0,10,10,5,minmax,True,circles,"[[0, 0], [0, 0]]",1,5,0.5236363636363637,0
bulyan,5,0.0,1,0,10,0,10,10,5,minmax,True,circles,"[[0, 0], [0, 0]]",1,6,0.509090909090909,0
bulyan,5,0.0,1,0,10,0,10,10,5,minmax,True,circles,"[[0, 0], [0, 0]]",1,7,0.519090909090909,0
bulyan,5,0.0,1,0,10,0,10,10,5,minmax,True,circles,"[[0, 0], [0, 0]]",1,8,0.5312121212121212,0
bulyan,5,0.0,1,0,10,0,10,10,5,minmax,True,circles,"[[0, 0], [0, 0]]",1,9,0.5130303030303031,0
bulyan,5,0.0,1,0,10,0,10,10,5,minmax,True,circles,"[[0, 0], [0, 0]]",1,10,0.5139393939393939,0
bulyan,5,0.0,1,0,10,0,10,10,5,minmax,True,circles,"[[0, 0], [0, 0]]",1,11,0.5218181818181818,0
bulyan,5,0.0,1,0,10,0,10,10,5,minmax,True,circles,"[[0, 0], [0, 0]]",1,12,0.5127272727272727,0
bulyan,5,0.0,1,0,10,0,10,10,5,minmax,True,circles,"[[0, 0], [0, 0]]",1,13,0.5081818181818182,0
bulyan,5,0.0,1,0,10,0,10,1,0,no attack,True,circles,"[[0, 0], [0, 0]]",1,0,0.49333333333333335,0
bulyan,5,0.0,1,0,10,0,10,10,5,no attack,True,circles,"[[0, 0], [0, 0]]",1,1,0.5036363636363637,0
bulyan,5,0.0,1,0,10,0,10,10,5,no attack,True,circles,"[[0, 0], [0, 0]]",1,2,0.4990909090909091,0
bulyan,5,0.0,1,0,10,0,10,10,5,no attack,True,circles,"[[0, 0], [0, 0]]",1,3,0.49454545454545457,0
bulyan,5,0.0,1,0,10,0,10,10,5,no attack,True,circles,"[[0, 0], [0, 0]]",1,4,0.4993939393939394,0
bulyan,5,0.0,1,0,10,0,10,10,5,no attack,True,circles,"[[0, 0], [0, 0]]",1,5,0.5048484848484849,0
bulyan,5,0.0,1,0,10,0,10,10,5,no attack,True,circles,"[[0, 0], [0, 0]]",1,6,0.5072727272727273,0
bulyan,5,0.0,1,0,10,0,10,10,5,no attack,True,circles,"[[0, 0], [0, 0]]",1,7,0.4954545454545455,0
bulyan,5,0.0,1,0,10,0,10,10,5,no attack,True,circles,"[[0, 0], [0, 0]]",1,8,0.49424242424242426,0
bulyan,5,0.0,1,0,10,0,10,10,5,no attack,True,circles,"[[0, 0], [0, 0]]",1,9,0.5251515151515151,0
bulyan,5,0.0,1,0,10,0,10,10,5,no attack,True,circles,"[[0, 0], [0, 0]]",1,10,0.5045454545454545,0
bulyan,5,0.0,1,0,10,0,10,10,5,no attack,True,circles,"[[0, 0], [0, 0]]",1,11,0.49606060606060604,0
bulyan,5,0.0,1,0,10,0,10,10,5,no attack,True,circles,"[[0, 0], [0, 0]]",1,12,0.49,0
bulyan,5,0.0,1,0,10,0,10,10,5,no attack,True,circles,"[[0, 0], [0, 0]]",1,13,0.5045454545454545,0
bulyan,5,0.0,1,0,10,0,10,10,5,no attack,True,circles,"[[0, 0], [0, 0]]",1,14,0.5084848484848485,0
bulyan,5,0.0,1,0,10,0,10,10,5,no attack,True,circles,"[[0, 0], [0, 0]]",1,15,0.49333333333333335,0
bulyan,5,0.0,1,0,10,0,10,10,5,no attack,True,circles,"[[0, 0], [0, 0]]",1,16,0.4866666666666667,0
bulyan,5,0.0,1,0,10,0,10,10,5,no attack,True,circles,"[[0, 0], [0, 0]]",1,17,0.5024242424242424,0
bulyan,5,0.0,1,0,10,0,10,10,5,no attack,True,circles,"[[0, 0], [0, 0]]",1,18,0.5012121212121212,0
bulyan,5,0.0,1,0,10,0,10,10,5,no attack,True,circles,"[[0, 0], [0, 0]]",1,19,0.5112121212121212,0
bulyan,5,0.0,1,0,10,0,10,10,5,no attack,True,circles,"[[0, 0], [0, 0]]",1,20,0.4912121212121212,0
bulyan,5,0.0,1,0,10,0,10,10,5,no attack,True,circles,"[[0, 0], [0, 0]]",1,21,0.506969696969697,0
bulyan,5,0.0,1,0,10,0,10,1,0,no attack,True,circles,"[[0, 0], [0, 0]]",1,0,0.4921212121212121,0
bulyan,5,0.0,1,0,10,0,10,10,5,no attack,True,circles,"[[0, 0], [0, 0]]",1,1,0.49424242424242426,0
bulyan,5,0.0,1,0,10,0,10,10,5,no attack,True,circles,"[[0, 0], [0, 0]]",1,2,0.48848484848484847,0
bulyan,5,0.0,1,0,10,0,10,10,5,no attack,True,circles,"[[0, 0], [0, 0]]",1,3,0.4987878787878788,0
bulyan,5,0.0,1,0,10,0,10,10,5,no attack,True,circles,"[[0, 0], [0, 0]]",1,4,0.5115151515151515,0
bulyan,5,0.0,1,0,10,0,10,10,5,no attack,True,circles,"[[0, 0], [0, 0]]",1,5,0.49727272727272726,0
bulyan,5,0.0,1,0,10,0,10,1,0,no attack,True,circles,"[[0, 0], [0, 0]]",1,0,0.4390909090909091,0
bulyan,5,0.0,1,0,10,0,10,10,5,no attack,True,circles,"[[0, 0], [0, 0]]",1,1,0.42727272727272725,0
bulyan,5,0.0,1,0,10,0,10,10,5,no attack,True,circles,"[[0, 0], [0, 0]]",1,2,0.42818181818181816,0
bulyan,5,0.0,1,0,10,0,10,10,5,no attack,True,circles,"[[0, 0], [0, 0]]",1,3,0.43757575757575756,0
bulyan,5,0.0,1,0,10,0,10,10,5,no attack,True,circles,"[[0, 0], [0, 0]]",1,4,0.44545454545454544,0
bulyan,2,0.0,1,0,10,0,10,1,0,no attack,True,circles,"[[0, 0], [0, 0]]",1,0,0.5078787878787879,0
bulyan,2,0.0,1,0,10,0,10,1,0,no attack,True,circles,"[[0, 0], [0, 0]]",1,0,0.3596969696969697,0
bulyan,2,0.0,1,0,10,0,10,1,0,no attack,True,circles,"[[0, 0], [0, 0]]",1,0,0.49303030303030304,0
bulyan,2,0.0,1,0,10,0,10,1,0,no attack,True,circles,"[[0, 0], [0, 0]]",1,0,0.4812121212121212,0
bulyan,2,0.0,1,0,10,0,10,10,2,no attack,True,circles,"[[0, 0], [0, 0]]",1,1,0.503030303030303,0
bulyan,2,0.0,1,0,10,0,10,10,2,no attack,True,circles,"[[0, 0], [0, 0]]",1,2,0.7736363636363637,0
bulyan,2,0.0,1,0,10,0,10,10,2,no attack,True,circles,"[[0, 0], [0, 0]]",1,3,0.8960606060606061,0
bulyan,2,0.0,1,0,10,0,10,10,2,no attack,True,circles,"[[0, 0], [0, 0]]",1,4,0.8557575757575757,0
bulyan,2,0.0,1,0,10,0,10,10,2,no attack,True,circles,"[[0, 0], [0, 0]]",1,5,0.8851515151515151,0
bulyan,2,0.0,1,0,10,0,10,10,2,no attack,True,circles,"[[0, 0], [0, 0]]",1,6,0.9412121212121212,0
bulyan,2,0.0,1,0,10,0,10,10,2,no attack,True,circles,"[[0, 0], [0, 0]]",1,7,0.9621212121212122,0
bulyan,2,0.0,1,0,10,0,10,10,2,no attack,True,circles,"[[0, 0], [0, 0]]",1,8,0.9572727272727273,0
bulyan,2,0.0,1,0,10,0,10,10,2,no attack,True,circles,"[[0, 0], [0, 0]]",1,9,0.9645454545454546,0
bulyan,2,0.0,1,0,10,0,10,10,2,no attack,True,circles,"[[0, 0], [0, 0]]",1,10,0.9715151515151516,0
bulyan,2,0.0,1,0,10,0,10,10,2,no attack,True,circles,"[[0, 0], [0, 0]]",1,11,0.973939393939394,0
bulyan,2,0.0,1,0,10,0,10,10,2,no attack,True,circles,"[[0, 0], [0, 0]]",1,12,0.9715151515151516,0
bulyan,2,0.0,1,0,10,0,10,10,2,no attack,True,circles,"[[0, 0], [0, 0]]",1,13,0.973939393939394,0
bulyan,2,0.0,1,0,10,0,10,10,2,no attack,True,circles,"[[0, 0], [0, 0]]",1,14,0.9790909090909091,0
bulyan,2,0.0,1,0,10,0,10,1,0,no attack,True,mnist,"[[0, 0], [0, 0]]",1,0,0.49056153756629656,0.0835,721.5795195102692
bulyan,2,0.0,1,0,10,0,10,10,2,no attack,True,mnist,"[[0, 0], [0, 0]]",1,1,0.9199928290632806,0.8559,349.41035228967667
bulyan,2,0.0,1,0,10,0,10,10,2,no attack,True,mnist,"[[0, 0], [0, 0]]",1,2,0.9402383881054902,0.8931,276.2946500480175
bulyan,2,0.0,1,0,10,0,10,10,2,no attack,True,mnist,"[[0, 0], [0, 0]]",1,3,0.9387612949531283,0.8911,258.2996474802494
bulyan,2,0.0,1,0,10,0,10,10,2,no attack,True,mnist,"[[0, 0], [0, 0]]",1,4,0.9488024050050173,0.9076,203.1942711174488
bulyan,2,0.0,1,0,10,0,10,10,2,no attack,True,mnist,"[[0, 0], [0, 0]]",1,5,0.9580752020563734,0.9258,170.1341478973627
bulyan,2,0.0,1,0,10,0,10,10,2,no attack,True,mnist,"[[0, 0], [0, 0]]",1,6,0.9601042080441644,0.9294,155.46642896533012
bulyan,2,0.0,1,0,10,0,10,10,2,no attack,True,mnist,"[[0, 0], [0, 0]]",1,7,0.9576714763602778,0.9247,132.52939564734697
bulyan,2,0.0,1,0,10,0,10,10,2,no attack,True,mnist,"[[0, 0], [0, 0]]",1,8,0.9648120841870114,0.9385,111.85209043323994
bulyan,2,0.0,1,0,10,0,10,10,2,no attack,True,mnist,"[[0, 0], [0, 0]]",1,9,0.9653226756458106,0.939,112.1043019220233
bulyan,2,0.0,1,0,10,0,10,10,2,no attack,True,mnist,"[[0, 0], [0, 0]]",1,10,0.969824953266466,0.9469,98.07127245515585
bulyan,2,0.0,1,0,10,0,10,10,2,no attack,True,mnist,"[[0, 0], [0, 0]]",1,11,0.9639610463113948,0.9365,104.6447056606412
bulyan,2,0.0,1,0,10,0,10,10,2,no attack,True,mnist,"[[0, 0], [0, 0]]",1,12,0.9652573660952477,0.9386,86.86685700342059
bulyan,2,0.0,1,0,10,0,10,10,2,no attack,True,mnist,"[[0, 0], [0, 0]]",1,13,0.9681849952101116,0.9433,90.69424906000495
bulyan,2,0.0,1,0,10,0,10,10,2,no attack,True,mnist,"[[0, 0], [0, 0]]",1,14,0.963067136975581,0.9343,77.20676922053099
bulyan,2,0.0,1,0,10,0,10,10,2,no attack,True,mnist,"[[0, 0], [0, 0]]",1,15,0.9553940717036861,0.9216,92.72556114569306
bulyan,2,0.0,1,0,10,0,10,10,2,no attack,True,mnist,"[[0, 0], [0, 0]]",1,16,0.9684771840401464,0.9449,78.10756590589881
bulyan,2,0.0,1,0,10,0,10,10,2,no attack,True,mnist,"[[0, 0], [0, 0]]",1,17,0.9591667194649982,0.9271,92.20111163705587
bulyan,2,0.0,1,0,10,0,10,10,2,no attack,True,mnist,"[[0, 0], [0, 0]]",1,18,0.965019765189796,0.9378,79.07864800468087
bulyan,2,0.0,1,0,10,0,10,10,2,no attack,True,mnist,"[[0, 0], [0, 0]]",1,19,0.9623477765716963,0.9331,78.29458145610988
bulyan,2,0.0,1,0,10,0,10,10,2,no attack,True,mnist,"[[0, 0], [0, 0]]",1,20,0.9667875303470799,0.9409,73.61278943531215
bulyan,2,0.0,1,0,10,0,10,10,2,no attack,True,mnist,"[[0, 0], [0, 0]]",1,21,0.9665000941107312,0.9406,67.69279482215643
bulyan,2,0.0,1,0,10,0,10,10,2,no attack,True,mnist,"[[0, 0], [0, 0]]",1,22,0.970285083932831,0.9467,61.67896245513111
bulyan,2,0.0,1,0,10,0,10,10,2,no attack,True,mnist,"[[0, 0], [0, 0]]",1,23,0.970699840422351,0.9475,55.6243046997115
bulyan,2,0.0,1,0,10,0,10,10,2,no attack,True,mnist,"[[0, 0], [0, 0]]",1,24,0.9719664860803489,0.9503,56.63114709593356
bulyan,2,0.0,1,0,10,0,10,10,2,no attack,True,mnist,"[[0, 0], [0, 0]]",1,25,0.9723506046811028,0.9511,51.25654799072072
bulyan,2,0.0,1,0,10,0,10,10,2,no attack,True,mnist,"[[0, 0], [0, 0]]",1,26,0.9678637444328781,0.9428,61.802285560406744
bulyan,2,0.0,1,0,10,0,10,10,2,no attack,True,mnist,"[[0, 0], [0, 0]]",1,27,0.9709662042244934,0.9484,53.08180135465227
bulyan,2,0.0,1,0,10,0,10,10,2,no attack,True,mnist,"[[0, 0], [0, 0]]",1,28,0.9696866839064084,0.9465,52.946485123364255
bulyan,2,0.0,1,0,10,0,10,10,2,no attack,True,mnist,"[[0, 0], [0, 0]]",1,29,0.9710695174443552,0.9485,53.56186676886864
bulyan,2,0.0,1,0,10,0,10,10,2,no attack,True,mnist,"[[0, 0], [0, 0]]",1,30,0.9723218559125746,0.9512,49.34443887230009
bulyan,2,0.0,1,0,10,0,10,10,2,no attack,True,mnist,"[[0, 0], [0, 0]]",1,31,0.9771936450199084,0.9592,41.31106972123962
bulyan,2,0.0,1,0,10,0,10,10,2,no attack,True,mnist,"[[0, 0], [0, 0]]",1,32,0.9700254805138933,0.9466,53.40578229504172
bulyan,2,0.0,1,0,10,0,10,10,2,no attack,True,mnist,"[[0, 0], [0, 0]]",1,33,0.9705287491947342,0.9476,52.12495149159804
bulyan,2,0.0,1,0,10,0,10,10,2,no attack,True,mnist,"[[0, 0], [0, 0]]",1,34,0.9669721790557746,0.9414,58.755733050988056
bulyan,2,0.0,1,0,10,0,10,10,2,no attack,True,mnist,"[[0, 0], [0, 0]]",1,35,0.9664849789929797,0.9406,60.7410264252685
bulyan,2,0.0,1,0,10,0,10,10,2,no attack,True,mnist,"[[0, 0], [0, 0]]",1,36,0.9676722361408719,0.9423,59.71818756565335
bulyan,2,0.0,1,0,10,0,10,10,2,no attack,True,mnist,"[[0, 0], [0, 0]]",1,37,0.9681974535977551,0.9429,64.55895592080196
bulyan,2,0.0,1,0,10,0,10,10,2,no attack,True,mnist,"[[0, 0], [0, 0]]",1,38,0.967543261737356,0.9419,63.87381629605079
bulyan,2,0.0,1,0,10,0,10,10,2,no attack,True,mnist,"[[0, 0], [0, 0]]",1,39,0.9725898298765017,0.9511,56.0938779663702
bulyan,2,0.0,1,0,10,0,10,10,2,no attack,True,mnist,"[[0, 0], [0, 0]]",1,40,0.9742946339179456,0.954,53.19446725355374
bulyan,2,0.0,1,0,10,0,10,10,2,no attack,True,mnist,"[[0, 0], [0, 0]]",1,41,0.9660476332704799,0.9392,79.00954522675602
bulyan,2,0.0,1,0,10,0,10,10,2,no attack,True,mnist,"[[0, 0], [0, 0]]",1,42,0.9704775945424758,0.947,69.3215200531049
bulyan,2,0.0,1,0,10,0,10,10,2,no attack,True,mnist,"[[0, 0], [0, 0]]",1,43,0.9646481063468656,0.9373,86.21736735078957
bulyan,2,0.0,1,0,10,0,10,10,2,no attack,True,mnist,"[[0, 0], [0, 0]]",1,44,0.9668609748790127,0.9409,80.87893433587669
bulyan,2,0.0,1,0,10,0,10,10,2,no attack,True,mnist,"[[0, 0], [0, 0]]",1,45,0.9682763247738956,0.9439,83.14527291243667
bulyan,2,0.0,1,0,10,0,10,10,2,no attack,True,mnist,"[[0, 0], [0, 0]]",1,46,0.9647103955361475,0.9373,103.25785532089105
bulyan,2,0.0,1,0,10,0,10,10,2,no attack,True,mnist,"[[0, 0], [0, 0]]",1,47,0.9675468435215148,0.9415,98.89881103132018
bulyan,2,0.0,1,0,10,0,10,10,2,no attack,True,mnist,"[[0, 0], [0, 0]]",1,48,0.9653175879988369,0.9381,110.3361797165876
bulyan,2,0.0,1,0,10,0,10,10,2,no attack,True,mnist,"[[0, 0], [0, 0]]",1,49,0.9638019948829332,0.9354,113.52789222381375
bulyan,2,0.0,1,0,10,0,10,10,2,no attack,True,mnist,"[[0, 0], [0, 0]]",1,50,0.9493384118138877,0.9095,214.453687588883
bulyan,2,0.0,1,0,10,0,10,1,0,lie,True,mnist,"[[0, 0], [0, 0]]",1,0,0.483499061266516,0.0707,720.8781151771545
bulyan,2,0.0,1,0,10,0,10,10,2,lie,True,mnist,"[[0, 0], [0, 0]]",1,1,0.8904943291122353,0.8046,370.7281156182289
bulyan,2,0.0,1,0,10,0,10,10,2,lie,True,mnist,"[[0, 0], [0, 0]]",1,2,0.9345246738853387,0.8829,301.4926709532738
bulyan,2,0.0,1,0,10,0,10,10,2,lie,True,mnist,"[[0, 0], [0, 0]]",1,3,0.9440853207172848,0.8995,260.2761740684509
bulyan,2,0.0,1,0,10,0,10,10,2,lie,True,mnist,"[[0, 0], [0, 0]]",1,4,0.9609184167518908,0.9303,210.41014045476913
bulyan,2,0.0,1,0,10,0,10,10,2,lie,True,mnist,"[[0, 0], [0, 0]]",1,5,0.9673294748010566,0.9417,173.2226776331663
bulyan,2,0.0,1,0,10,0,10,10,2,lie,True,mnist,"[[0, 0], [0, 0]]",1,6,0.9684775791675525,0.9439,147.5392244309187
